timestamp,open,high,low,close,volume,volCcy,volCcyQuote,confirm
2026-01-31 04:00:00,4916.6,4926.0,4909.2,4923.2,677717.0,677.717,3334141.9784,1
2026-01-31 04:05:00,4923.3,4924.9,4916.4,4916.4,205307.0,205.307,1010226.2217,1
2026-01-31 04:10:00,4916.5,4920.9,4916.5,4919.2,158571.0,158.571,779999.9245,1
2026-01-31 04:15:00,4919.2,4920.0,4910.0,4911.4,171152.0,171.152,841352.0601,1
2026-01-31 04:20:00,4911.4,4913.5,4908.7,4912.3,78343.0,78.343,384675.8036,1
2026-01-31 04:25:00,4912.3,4912.4,4908.7,4911.8,103053.0,103.053,506040.3344,1
2026-01-31 04:30:00,4911.8,4915.0,4911.2,4912.3,49431.0,49.431,242860.084,1
2026-01-31 04:35:00,4912.3,4915.0,4909.2,4909.2,87796.0,87.796,431282.8375,1
2026-01-31 04:40:00,4909.2,4913.0,4909.1,4910.4,63558.0,63.558,312131.3489,1
2026-01-31 04:45:00,4910.4,4913.0,4909.6,4909.6,41574.0,41.574,204176.7061,1
2026-01-31 04:50:00,4909.6,4913.5,4909.1,4910.1,53497.0,53.497,262714.3328,1
2026-01-31 04:55:00,4910.0,4915.4,4910.0,4914.1,92065.0,92.065,452253.6774,1
2026-01-31 05:00:00,4914.1,4917.9,4914.0,4917.8,63288.0,63.288,311106.2174,1
2026-01-31 05:05:00,4917.9,4919.5,4916.7,4919.5,61718.0,61.718,303530.3389,1
2026-01-31 05:10:00,4919.5,4920.5,4918.0,4920.4,105970.0,105.97,521296.4446,1
2026-01-31 05:15:00,4920.5,4925.0,4920.4,4924.6,128907.0,128.907,634612.8974,1
2026-01-31 05:20:00,4924.6,4924.6,4915.0,4915.3,230363.0,230.363,1133006.2868,1
2026-01-31 05:25:00,4915.3,4919.0,4911.0,4919.0,145078.0,145.078,712887.2166,1
2026-01-31 05:30:00,4919.0,4924.3,4918.6,4919.0,155528.0,155.528,765357.7931,1
2026-01-31 05:35:00,4919.0,4922.4,4918.0,4919.7,109038.0,109.038,536433.9849,1
2026-01-31 05:40:00,4919.6,4919.7,4916.5,4917.6,140039.0,140.039,688706.9901,1
2026-01-31 05:45:00,4917.6,4919.4,4916.0,4917.2,69528.0,69.528,341892.8066,1
2026-01-31 05:50:00,4917.0,4930.0,4917.0,4926.8,458792.0,458.792,2259931.0022,1
2026-01-31 05:55:00,4926.8,4927.0,4924.6,4924.6,118403.0,118.403,583220.1097,1
2026-01-31 06:00:00,4924.7,4927.0,4924.0,4926.4,128061.0,128.061,630758.2815,1
2026-01-31 06:05:00,4926.3,4926.4,4922.7,4924.1,115871.0,115.871,570508.8306,1
2026-01-31 06:10:00,4924.1,4925.4,4921.0,4923.4,154227.0,154.227,759272.6439,1
2026-01-31 06:15:00,4923.3,4924.2,4922.1,4922.2,70766.0,70.766,348393.3553,1
2026-01-31 06:20:00,4922.2,4922.8,4920.8,4920.9,27939.0,27.939,137508.4809,1
2026-01-31 06:25:00,4920.8,4921.0,4919.1,4919.4,155233.0,155.233,763763.4806,1
2026-01-31 06:30:00,4919.4,4923.6,4919.4,4922.6,55409.0,55.409,272693.2031,1
2026-01-31 06:35:00,4922.5,4925.0,4921.4,4921.8,117556.0,117.556,578768.4236,1
2026-01-31 06:40:00,4921.7,4922.6,4917.3,4918.6,153360.0,153.36,754440.684,1
2026-01-31 06:45:00,4918.5,4920.7,4917.9,4920.6,61454.0,61.454,302288.8232,1
2026-01-31 06:50:00,4920.5,4924.8,4920.4,4924.8,104976.0,104.976,516751.4675,1
2026-01-31 06:55:00,4924.8,4925.7,4923.0,4923.9,68893.0,68.893,339255.3286,1
2026-01-31 07:00:00,4923.8,4925.2,4923.0,4925.2,44086.0,44.086,217083.4472,1
2026-01-31 07:05:00,4925.2,4927.0,4925.1,4925.5,88940.0,88.94,438116.5367,1
2026-01-31 07:10:00,4925.5,4925.7,4923.0,4925.5,126154.0,126.154,621201.7466,1
2026-01-31 07:15:00,4925.6,4926.6,4925.5,4926.0,67796.0,67.796,333972.9528,1
2026-01-31 07:20:00,4925.9,4927.0,4924.9,4925.3,69865.0,69.865,344143.4128,1
2026-01-31 07:25:00,4925.3,4927.9,4925.3,4927.8,106222.0,106.222,523318.5393,1
2026-01-31 07:30:00,4927.8,4928.8,4926.9,4928.0,162173.0,162.173,799171.9751,1
2026-01-31 07:35:00,4927.9,4928.7,4925.5,4927.8,112880.0,112.88,556184.3186,1
2026-01-31 07:40:00,4927.7,4930.0,4927.2,4929.4,139335.0,139.335,686769.5709,1
2026-01-31 07:45:00,4929.4,4935.0,4928.6,4934.7,169691.0,169.691,836790.9742,1
2026-01-31 07:50:00,4934.6,4934.6,4930.4,4930.5,100442.0,100.442,495422.6296,1
2026-01-31 07:55:00,4930.5,4932.7,4929.1,4929.2,313019.0,313.019,1543543.1526,1
2026-01-31 08:00:00,4929.1,4930.1,4927.3,4928.4,256031.0,256.031,1261874.8001,1
2026-01-31 08:05:00,4928.4,4928.5,4923.3,4923.3,186834.0,186.834,920321.5663,1
2026-01-31 08:10:00,4923.3,4928.9,4921.6,4928.9,340413.0,340.413,1676651.0984,1
2026-01-31 08:15:00,4928.9,4929.8,4921.0,4927.3,677714.0,677.714,3338341.3247,1
2026-01-31 08:20:00,4927.3,4933.3,4925.5,4933.2,326789.0,326.789,1610661.6217,1
2026-01-31 08:25:00,4933.3,4936.0,4925.8,4927.2,633984.0,633.984,3126180.1203,1
2026-01-31 08:30:00,4927.3,4928.7,4926.4,4926.4,383466.0,383.466,1889615.9279,1
2026-01-31 08:35:00,4926.4,4926.5,4921.1,4921.7,976708.0,976.708,4809253.5083,1
2026-01-31 08:40:00,4921.6,4923.9,4918.7,4923.4,733520.0,733.52,3610189.5824,1
2026-01-31 08:45:00,4923.5,4924.9,4922.2,4923.5,575365.0,575.365,2832935.7009,1
2026-01-31 08:50:00,4923.6,4923.9,4922.5,4923.4,405692.0,405.692,1997310.9613,1
2026-01-31 08:55:00,4923.3,4925.3,4922.6,4925.3,390887.0,390.887,1924801.942,1
2026-01-31 09:00:00,4925.2,4927.5,4923.4,4923.4,351787.0,351.787,1732866.8734,1
2026-01-31 09:05:00,4923.3,4923.3,4919.4,4920.1,652625.0,652.625,3211177.6317,1
2026-01-31 09:10:00,4920.0,4920.3,4918.7,4918.8,475366.0,475.366,2338561.1208,1
2026-01-31 09:15:00,4918.9,4919.2,4918.3,4918.4,289293.0,289.293,1422958.1243,1
2026-01-31 09:20:00,4918.5,4918.6,4916.5,4916.6,168268.0,168.268,827545.4274,1
2026-01-31 09:25:00,4916.5,4916.8,4915.2,4915.3,128180.0,128.18,630158.226,1
2026-01-31 09:30:00,4915.3,4915.3,4907.3,4907.4,586698.0,586.698,2882164.392,1
2026-01-31 09:35:00,4907.4,4907.4,4900.3,4903.4,383416.0,383.416,1879971.8164,1
2026-01-31 09:40:00,4903.5,4909.0,4903.4,4905.5,194108.0,194.108,952439.2382,1
2026-01-31 09:45:00,4905.5,4906.1,4904.4,4906.0,113979.0,113.979,559119.5628,1
2026-01-31 09:50:00,4906.0,4906.0,4902.9,4905.0,168174.0,168.174,824842.7673,1
2026-01-31 09:55:00,4905.1,4906.5,4904.8,4905.2,107155.0,107.155,525664.7447,1
2026-01-31 10:00:00,4905.2,4905.2,4904.1,4904.2,81187.0,81.187,398217.4307,1
2026-01-31 10:05:00,4904.1,4904.1,4903.0,4903.0,90698.0,90.698,444751.4696,1
2026-01-31 10:10:00,4902.9,4902.9,4899.5,4899.5,211937.0,211.937,1038626.6048,1
2026-01-31 10:15:00,4899.4,4899.5,4896.7,4899.0,303303.0,303.303,1485696.5049,1
2026-01-31 10:20:00,4898.9,4903.7,4898.9,4903.4,114432.0,114.432,560887.4908,1
2026-01-31 10:25:00,4903.3,4907.9,4903.3,4907.9,67784.0,67.784,332447.2896,1
2026-01-31 10:30:00,4907.9,4914.2,4907.9,4910.3,214327.0,214.327,1052792.02,1
2026-01-31 10:35:00,4910.2,4910.3,4908.1,4908.2,58602.0,58.602,287694.0013,1
2026-01-31 10:40:00,4908.3,4914.0,4908.2,4914.0,112068.0,112.068,550366.3057,1
2026-01-31 10:45:00,4914.0,4914.3,4911.6,4911.7,83134.0,83.134,408470.528,1
2026-01-31 10:50:00,4911.6,4915.4,4911.6,4915.0,100134.0,100.134,492014.9634,1
2026-01-31 10:55:00,4915.2,4917.2,4915.1,4916.1,54429.0,54.429,267608.2062,1
2026-01-31 11:00:00,4916.2,4916.2,4913.4,4913.4,58289.0,58.289,286518.3537,1
2026-01-31 11:05:00,4913.4,4915.0,4913.2,4914.7,88743.0,88.743,436108.9527,1
2026-01-31 11:10:00,4914.7,4914.7,4910.0,4910.1,86200.0,86.2,423540.8092,1
2026-01-31 11:15:00,4910.1,4910.1,4907.9,4908.7,111795.0,111.795,548810.7675,1
2026-01-31 11:20:00,4908.7,4912.2,4908.7,4912.2,86024.0,86.024,422469.1227,1
2026-01-31 11:25:00,4912.2,4913.5,4912.1,4912.6,62264.0,62.264,305894.9442,1
2026-01-31 11:30:00,4912.6,4913.1,4907.1,4907.3,176276.0,176.276,865724.8945,1
2026-01-31 11:35:00,4907.2,4907.2,4901.7,4903.9,259809.0,259.809,1273950.4844,1
2026-01-31 11:40:00,4903.9,4904.4,4902.3,4902.3,64567.0,64.567,316612.9652,1
2026-01-31 11:45:00,4902.2,4902.3,4900.0,4901.7,99702.0,99.702,488591.945,1
2026-01-31 11:50:00,4901.8,4901.8,4900.0,4900.1,62274.0,62.274,305173.0356,1
2026-01-31 11:55:00,4900.1,4906.0,4900.0,4902.1,109056.0,109.056,534675.1232,1
2026-01-31 12:00:00,4902.0,4902.1,4899.4,4901.7,133730.0,133.73,655371.2331,1
2026-01-31 12:05:00,4901.7,4904.7,4899.4,4900.4,327395.0,327.395,1604761.4624,1
2026-01-31 12:10:00,4900.4,4906.0,4899.4,4906.0,184459.0,184.459,904311.7672,1
2026-01-31 12:15:00,4906.1,4908.0,4906.1,4908.0,45353.0,45.353,222579.51,1
2026-01-31 12:20:00,4908.0,4909.9,4908.0,4909.0,74457.0,74.457,365523.5523,1
2026-01-31 12:25:00,4909.0,4914.0,4908.9,4914.0,86194.0,86.194,423340.746,1
2026-01-31 12:30:00,4914.0,4915.8,4913.6,4913.6,116842.0,116.842,574271.2043,1
2026-01-31 12:35:00,4913.5,4913.6,4907.1,4912.0,160755.0,160.755,789305.7872,1
2026-01-31 12:40:00,4912.0,4912.7,4910.6,4910.7,53147.0,53.147,261045.3187,1
2026-01-31 12:45:00,4910.7,4913.6,4910.6,4912.5,61456.0,61.456,301860.6906,1
2026-01-31 12:50:00,4912.4,4912.9,4909.4,4910.5,136505.0,136.505,670300.5732,1
2026-01-31 12:55:00,4910.4,4914.0,4909.0,4913.7,82070.0,82.07,403066.2379,1
2026-01-31 13:00:00,4913.7,4915.0,4910.8,4913.2,263263.0,263.263,1293522.0759,1
2026-01-31 13:05:00,4913.3,4913.6,4911.3,4911.4,53078.0,53.078,260756.3141,1
2026-01-31 13:10:00,4911.4,4912.4,4910.2,4911.0,84342.0,84.342,414252.7598,1
2026-01-31 13:15:00,4910.9,4913.0,4908.0,4912.3,171620.0,171.62,842750.3101,1
2026-01-31 13:20:00,4912.2,4912.3,4909.0,4909.6,69992.0,69.992,343705.4254,1
2026-01-31 13:25:00,4909.6,4910.0,4907.6,4909.0,69332.0,69.332,340360.4601,1
2026-01-31 13:30:00,4908.9,4911.8,4902.0,4905.0,408040.0,408.04,2001616.6937,1
2026-01-31 13:35:00,4905.1,4908.0,4904.8,4907.6,165109.0,165.109,810051.5998,1
2026-01-31 13:40:00,4907.6,4909.6,4907.5,4908.2,99173.0,99.173,486801.441,1
2026-01-31 13:45:00,4908.2,4908.2,4906.2,4906.3,58761.0,58.761,288359.5965,1
2026-01-31 13:50:00,4906.3,4910.2,4906.2,4909.9,188433.0,188.433,924830.4533,1
2026-01-31 13:55:00,4909.9,4913.0,4909.2,4911.6,145826.0,145.826,716200.2781,1
2026-01-31 14:00:00,4911.6,4912.6,4910.0,4911.5,145550.0,145.55,714880.8831,1
2026-01-31 14:05:00,4911.5,4915.2,4911.4,4913.1,108429.0,108.429,532810.2091,1
2026-01-31 14:10:00,4913.0,4914.0,4908.3,4910.5,247219.0,247.219,1214021.024,1
2026-01-31 14:15:00,4910.4,4915.3,4910.4,4913.3,197793.0,197.793,971810.5345,1
2026-01-31 14:20:00,4913.2,4913.3,4905.5,4905.5,149204.0,149.204,732416.3808,1
2026-01-31 14:25:00,4905.5,4905.5,4896.0,4896.9,880288.0,880.288,4313363.5048,1
2026-01-31 14:30:00,4896.9,4900.9,4896.3,4897.1,575161.0,575.161,2816991.4003,1
2026-01-31 14:35:00,4897.1,4908.2,4897.0,4900.0,676774.0,676.774,3317630.9191,1
2026-01-31 14:40:00,4900.0,4902.0,4897.7,4897.7,186755.0,186.755,915007.1983,1
2026-01-31 14:45:00,4897.8,4902.4,4895.0,4895.3,326216.0,326.216,1597856.9461,1
2026-01-31 14:50:00,4895.4,4895.4,4893.8,4894.0,206436.0,206.436,1010399.8839,1
2026-01-31 14:55:00,4894.0,4895.0,4890.0,4890.9,409236.0,409.236,2001939.4526,1
2026-01-31 15:00:00,4890.9,4893.4,4889.2,4889.6,263814.0,263.814,1290275.4821,1
2026-01-31 15:05:00,4889.6,4893.5,4889.0,4891.1,375472.0,375.472,1836320.6718,1
2026-01-31 15:10:00,4891.1,4897.3,4891.0,4896.2,230261.0,230.261,1126934.1405,1
2026-01-31 15:15:00,4896.2,4901.4,4896.2,4900.7,121977.0,121.977,597685.1864,1
2026-01-31 15:20:00,4900.6,4902.9,4900.6,4902.8,78722.0,78.722,385905.5809,1
2026-01-31 15:25:00,4902.9,4902.9,4900.1,4900.2,32873.0,32.873,161121.6505,1
2026-01-31 15:30:00,4900.2,4900.2,4898.0,4898.6,77241.0,77.241,378424.626,1
2026-01-31 15:35:00,4898.6,4898.6,4895.8,4895.9,76198.0,76.198,373117.1533,1
2026-01-31 15:40:00,4895.9,4898.0,4895.8,4897.9,53749.0,53.749,263195.6161,1
2026-01-31 15:45:00,4898.0,4898.5,4897.5,4897.5,37976.0,37.976,186007.836,1
2026-01-31 15:50:00,4897.5,4897.5,4895.1,4895.1,61856.0,61.856,302879.0333,1
2026-01-31 15:55:00,4895.2,4895.2,4890.0,4891.0,187034.0,187.034,914956.5432,1
2026-01-31 16:00:00,4890.9,4891.0,4887.2,4887.9,187139.0,187.139,914965.2026,1
2026-01-31 16:05:00,4888.0,4888.2,4885.0,4885.1,155720.0,155.72,760895.2644,1
2026-01-31 16:10:00,4885.0,4890.2,4880.6,4885.0,461775.0,461.775,2255675.4616,1
2026-01-31 16:15:00,4885.0,4890.0,4881.3,4888.6,368854.0,368.854,1802055.9143,1
2026-01-31 16:20:00,4888.7,4897.7,4887.0,4897.1,352632.0,352.632,1725477.9101,1
2026-01-31 16:25:00,4897.1,4897.3,4883.0,4883.0,275390.0,275.39,1346508.5627,1
2026-01-31 16:30:00,4883.0,4887.9,4880.6,4883.1,246961.0,246.961,1206289.0826,1
2026-01-31 16:35:00,4883.1,4887.2,4881.0,4883.0,146464.0,146.464,715303.4819,1
2026-01-31 16:40:00,4883.0,4884.7,4881.6,4884.7,99776.0,99.776,487191.2588,1
2026-01-31 16:45:00,4884.6,4885.1,4875.7,4877.5,398782.0,398.782,1945645.7692,1
2026-01-31 16:50:00,4877.5,4882.7,4875.4,4878.0,397420.0,397.42,1938884.1868,1
2026-01-31 16:55:00,4878.0,4882.7,4877.0,4880.8,319841.0,319.841,1560898.1513,1
2026-01-31 17:00:00,4880.9,4884.9,4880.8,4882.8,203559.0,203.559,993985.4898,1
2026-01-31 17:05:00,4882.7,4882.7,4865.4,4866.6,878334.0,878.334,4278687.3539,1
2026-01-31 17:10:00,4867.3,4867.3,4842.1,4850.0,2212178.0,2212.178,10736470.4811,1
2026-01-31 17:15:00,4850.0,4867.9,4846.8,4866.2,1009444.0,1009.444,4902998.6708,1
2026-01-31 17:20:00,4866.2,4871.9,4859.0,4865.6,616424.0,616.424,2997961.2836,1
2026-01-31 17:25:00,4865.5,4865.6,4854.5,4862.0,404672.0,404.672,1966400.5471,1
2026-01-31 17:30:00,4862.0,4863.0,4839.3,4846.0,475153.0,475.153,2303082.945,1
2026-01-31 17:35:00,4846.1,4854.0,4836.0,4840.8,744314.0,744.314,3605043.4566,1
2026-01-31 17:40:00,4840.8,4844.0,4818.4,4819.5,1255566.0,1255.566,6061070.5324,1
2026-01-31 17:45:00,4819.5,4819.6,4790.0,4812.4,1672400.0,1672.4,8035343.9659,1
2026-01-31 17:50:00,4812.4,4825.5,4812.0,4816.0,877818.0,877.818,4231226.6223,1
2026-01-31 17:55:00,4816.1,4842.5,4815.2,4834.4,1825912.0,1825.912,8829575.0501,1
2026-01-31 18:00:00,4834.4,4845.6,4834.0,4845.3,1882709.0,1882.709,9114683.3336,1
2026-01-31 18:05:00,4845.2,4848.0,4839.0,4847.9,546235.0,546.235,2645337.3999,1
2026-01-31 18:10:00,4848.0,4855.8,4847.2,4855.8,491133.0,491.133,2382927.5953,1
2026-01-31 18:15:00,4855.8,4862.0,4846.0,4847.7,656354.0,656.354,3185960.0193,1
2026-01-31 18:20:00,4847.7,4855.5,4843.1,4848.4,1247982.0,1247.982,6050965.2779,1
2026-01-31 18:25:00,4848.4,4859.0,4848.4,4856.8,243739.0,243.739,1182960.9018,1
2026-01-31 18:30:00,4856.8,4869.2,4856.7,4869.1,321736.0,321.736,1564402.7419,1
2026-01-31 18:35:00,4869.1,4869.1,4853.9,4853.9,720025.0,720.025,3501245.7341,1
2026-01-31 18:40:00,4853.9,4854.0,4825.2,4845.9,1347063.0,1347.063,6523697.1986,1
2026-01-31 18:45:00,4845.9,4858.7,4837.5,4857.1,951931.0,951.931,4616454.9611,1
2026-01-31 18:50:00,4857.1,4870.0,4857.1,4869.7,494511.0,494.511,2405924.3911,1
2026-01-31 18:55:00,4869.6,4873.3,4862.1,4872.1,463550.0,463.55,2256880.1722,1
2026-01-31 19:00:00,4872.1,4878.9,4860.0,4863.6,550029.0,550.029,2678661.1838,1
2026-01-31 19:05:00,4863.6,4873.7,4857.7,4870.0,365803.0,365.803,1779900.5025,1
2026-01-31 19:10:00,4869.9,4874.2,4857.8,4860.1,360182.0,360.182,1753439.0802,1
2026-01-31 19:15:00,4860.1,4872.1,4860.1,4869.0,480391.0,480.391,2338689.9941,1
2026-01-31 19:20:00,4869.1,4870.4,4857.6,4859.1,228703.0,228.703,1112400.0416,1
2026-01-31 19:25:00,4859.0,4861.3,4857.0,4857.0,73028.0,73.028,354839.9456,1
2026-01-31 19:30:00,4857.0,4857.9,4839.0,4841.3,311234.0,311.234,1508924.7665,1
2026-01-31 19:35:00,4841.3,4847.2,4837.6,4837.7,160829.0,160.829,778769.4521,1
2026-01-31 19:40:00,4837.7,4844.9,4835.8,4844.9,188570.0,188.57,912530.8973,1
2026-01-31 19:45:00,4844.8,4852.0,4839.4,4841.0,188665.0,188.665,914252.4432,1
2026-01-31 19:50:00,4841.0,4848.0,4840.2,4845.7,96313.0,96.313,466546.7338,1
2026-01-31 19:55:00,4845.8,4854.1,4845.7,4852.2,144466.0,144.466,700678.0262,1
2026-01-31 20:00:00,4852.1,4853.5,4845.5,4845.9,108510.0,108.51,526244.0119,1
2026-01-31 20:05:00,4845.9,4849.0,4845.0,4847.1,96814.0,96.814,469207.7883,1
2026-01-31 20:10:00,4847.0,4852.0,4841.2,4841.2,83672.0,83.672,405492.6372,1
2026-01-31 20:15:00,4841.2,4841.2,4839.1,4839.9,62204.0,62.204,301091.5998,1
2026-01-31 20:20:00,4840.2,4849.6,4840.0,4840.0,171718.0,171.718,831925.9324,1
2026-01-31 20:25:00,4840.0,4841.0,4829.4,4829.4,182168.0,182.168,880719.8473,1
2026-01-31 20:30:00,4829.5,4832.4,4825.5,4831.7,209465.0,209.465,1011472.6205,1
2026-01-31 20:35:00,4831.8,4836.0,4828.6,4834.7,156863.0,156.863,758089.7687,1
2026-01-31 20:40:00,4834.8,4834.8,4825.0,4826.5,166463.0,166.463,803871.2854,1
2026-01-31 20:45:00,4826.5,4828.4,4820.0,4820.9,229408.0,229.408,1106461.0486,1
2026-01-31 20:50:00,4820.8,4834.7,4820.8,4833.9,154369.0,154.369,745180.7576,1
2026-01-31 20:55:00,4833.9,4840.5,4833.8,4837.9,96235.0,96.235,465566.3885,1
2026-01-31 21:00:00,4837.8,4838.8,4827.2,4834.7,183328.0,183.328,885960.5437,1
2026-01-31 21:05:00,4834.7,4838.2,4833.2,4833.2,65131.0,65.131,314974.653,1
2026-01-31 21:10:00,4833.3,4839.3,4832.8,4837.0,93392.0,93.392,451717.261,1
2026-01-31 21:15:00,4837.1,4838.7,4834.9,4836.7,84203.0,84.203,407287.4474,1
2026-01-31 21:20:00,4836.7,4838.6,4832.0,4833.2,86493.0,86.493,418296.5802,1
2026-01-31 21:25:00,4833.0,4837.4,4832.3,4835.6,34685.0,34.685,167724.797,1
2026-01-31 21:30:00,4835.6,4837.0,4830.5,4833.9,65817.0,65.817,318141.0627,1
2026-01-31 21:35:00,4834.0,4836.2,4833.1,4834.5,53055.0,53.055,256488.9062,1
2026-01-31 21:40:00,4834.4,4840.5,4834.4,4839.2,123152.0,123.152,595797.1655,1
2026-01-31 21:45:00,4839.2,4842.0,4838.0,4841.0,97153.0,97.153,470248.9928,1
2026-01-31 21:50:00,4841.1,4843.1,4840.0,4842.2,77945.0,77.945,377328.4382,1
2026-01-31 21:55:00,4842.6,4843.1,4842.0,4843.0,33159.0,33.159,160571.9313,1
2026-01-31 22:00:00,4843.0,4844.8,4842.3,4843.2,33236.0,33.236,160975.2649,1
2026-01-31 22:05:00,4843.3,4844.0,4836.7,4836.7,61453.0,61.453,297493.4734,1
2026-01-31 22:10:00,4836.6,4836.9,4833.3,4836.3,83487.0,83.487,403639.3311,1
2026-01-31 22:15:00,4836.2,4836.2,4831.3,4831.3,26042.0,26.042,125871.1572,1
2026-01-31 22:20:00,4831.2,4832.0,4829.4,4831.4,73583.0,73.583,355429.3002,1
2026-01-31 22:25:00,4831.3,4831.4,4829.4,4829.4,12910.0,12.91,62351.0807,1
2026-01-31 22:30:00,4829.5,4829.5,4824.1,4824.2,66383.0,66.383,320475.9769,1
2026-01-31 22:35:00,4824.1,4824.2,4818.3,4818.3,131555.0,131.555,634173.8585,1
2026-01-31 22:40:00,4818.4,4818.4,4814.9,4816.4,163463.0,163.463,787333.5473,1
2026-01-31 22:45:00,4816.4,4816.4,4813.0,4813.0,167682.0,167.682,807355.7598,1
2026-01-31 22:50:00,4813.0,4813.0,4809.0,4809.9,107251.0,107.251,515974.7012,1
2026-01-31 22:55:00,4809.9,4815.0,4806.5,4815.0,187750.0,187.75,903105.1412,1
2026-01-31 23:00:00,4814.9,4819.0,4814.9,4816.2,96826.0,96.826,466345.0044,1
2026-01-31 23:05:00,4816.1,4825.0,4816.1,4824.0,80653.0,80.653,388809.5879,1
2026-01-31 23:10:00,4824.0,4826.5,4824.0,4826.0,40793.0,40.793,196853.3058,1
2026-01-31 23:15:00,4826.0,4826.1,4825.0,4826.0,30131.0,30.131,145395.7984,1
2026-01-31 23:20:00,4826.0,4835.5,4824.0,4835.4,258668.0,258.668,1248940.6698,1
2026-01-31 23:25:00,4835.5,4837.6,4835.4,4836.3,90438.0,90.438,437399.5887,1
2026-01-31 23:30:00,4836.3,4836.3,4829.6,4830.0,122994.0,122.994,594580.2256,1
2026-01-31 23:35:00,4830.0,4830.0,4819.6,4821.0,147531.0,147.531,711497.162,1
2026-01-31 23:40:00,4820.9,4822.9,4813.0,4817.4,138970.0,138.97,669730.2549,1
2026-01-31 23:45:00,4817.5,4819.0,4815.0,4815.3,97784.0,97.784,471029.6529,1
2026-01-31 23:50:00,4815.3,4818.3,4815.1,4815.1,118247.0,118.247,569596.5132,1
2026-01-31 23:55:00,4815.0,4816.8,4807.7,4809.1,376418.0,376.418,1812305.4791,1
2026-02-01 00:00:00,4809.2,4831.9,4809.1,4830.6,403962.0,403.962,1947063.1645,1
2026-02-01 00:05:00,4830.6,4834.7,4830.5,4834.7,167491.0,167.491,809517.2269,1
2026-02-01 00:10:00,4834.7,4849.0,4834.6,4846.2,284325.0,284.325,1376894.103,1
2026-02-01 00:15:00,4846.2,4846.2,4837.8,4845.0,239352.0,239.352,1158966.9099,1
2026-02-01 00:20:00,4845.0,4847.9,4842.0,4844.1,176332.0,176.332,854493.2209,1
2026-02-01 00:25:00,4844.1,4847.4,4842.4,4843.9,124234.0,124.234,601942.8023,1
2026-02-01 00:30:00,4843.9,4847.0,4843.0,4847.0,55519.0,55.519,268973.1211,1
2026-02-01 00:35:00,4847.0,4853.5,4844.3,4853.5,146943.0,146.943,712552.2459,1
2026-02-01 00:40:00,4853.5,4857.4,4853.5,4856.8,186361.0,186.361,904978.4724,1
2026-02-01 00:45:00,4856.7,4860.8,4855.0,4859.9,173032.0,173.032,840783.3241,1
2026-02-01 00:50:00,4859.8,4861.0,4859.1,4860.1,155691.0,155.691,756668.7416,1
2026-02-01 00:55:00,4860.1,4860.9,4854.5,4857.6,116053.0,116.053,563689.567,1
2026-02-01 01:00:00,4857.6,4859.3,4854.1,4856.4,147628.0,147.628,716977.4153,1
2026-02-01 01:05:00,4856.4,4856.5,4848.1,4849.0,251909.0,251.909,1222103.0742,1
2026-02-01 01:10:00,4849.0,4850.0,4839.0,4839.9,148069.0,148.069,717299.2513,1
2026-02-01 01:15:00,4839.9,4843.0,4837.1,4837.1,163865.0,163.865,793208.8436,1
2026-02-01 01:20:00,4837.1,4841.1,4834.5,4841.0,138201.0,138.201,668418.9145,1
2026-02-01 01:25:00,4841.1,4843.3,4840.0,4840.9,81455.0,81.455,394345.2405,1
2026-02-01 01:30:00,4840.9,4844.0,4840.3,4841.9,86747.0,86.747,420065.8247,1
2026-02-01 01:35:00,4842.0,4848.5,4839.0,4845.7,161591.0,161.591,782827.1784,1
2026-02-01 01:40:00,4845.6,4848.6,4844.0,4847.9,77915.0,77.915,377651.3658,1
2026-02-01 01:45:00,4847.8,4848.0,4844.9,4847.9,24469.0,24.469,118589.5873,1
2026-02-01 01:50:00,4848.0,4850.0,4846.1,4847.1,53677.0,53.677,260255.3804,1
2026-02-01 01:55:00,4847.0,4847.0,4841.1,4842.0,58989.0,58.989,285713.9773,1
2026-02-01 02:00:00,4842.0,4846.3,4838.8,4838.8,80731.0,80.731,390922.9846,1
2026-02-01 02:05:00,4838.7,4848.8,4837.4,4847.1,177084.0,177.084,857566.7862,1
2026-02-01 02:10:00,4847.2,4849.0,4843.9,4849.0,54804.0,54.804,265624.277,1
2026-02-01 02:15:00,4849.0,4850.6,4841.1,4842.5,166886.0,166.886,808888.2659,1
2026-02-01 02:20:00,4842.5,4842.6,4834.0,4837.5,139603.0,139.603,675240.1027,1
2026-02-01 02:25:00,4837.4,4843.5,4837.4,4840.3,86232.0,86.232,417434.374,1
2026-02-01 02:30:00,4840.2,4840.3,4837.1,4838.0,87835.0,87.835,424997.6841,1
2026-02-01 02:35:00,4838.1,4838.4,4834.1,4838.3,89429.0,89.429,432470.6183,1
2026-02-01 02:40:00,4838.3,4841.7,4838.1,4838.1,61892.0,61.892,299516.4751,1
2026-02-01 02:45:00,4838.1,4843.9,4837.0,4843.9,99117.0,99.117,479643.5391,1
2026-02-01 02:50:00,4843.9,4844.0,4836.9,4843.9,135475.0,135.475,655697.4225,1
2026-02-01 02:55:00,4844.0,4849.9,4844.0,4846.4,121146.0,121.146,587295.4078,1
2026-02-01 03:00:00,4846.4,4847.0,4843.5,4843.6,67845.0,67.845,328775.0555,1
2026-02-01 03:05:00,4843.5,4843.7,4830.0,4834.5,355521.0,355.521,1719486.2936,1
2026-02-01 03:10:00,4834.5,4845.0,4831.0,4838.9,315650.0,315.65,1526839.0505,1
2026-02-01 03:15:00,4838.8,4838.8,4834.1,4834.2,57581.0,57.581,278502.626,1
2026-02-01 03:20:00,4834.1,4838.0,4832.9,4837.1,86228.0,86.228,416941.9037,1
2026-02-01 03:25:00,4837.1,4838.0,4836.3,4838.0,27862.0,27.862,134762.8123,1
2026-02-01 03:30:00,4837.9,4840.8,4837.9,4840.6,40790.0,40.79,197394.6106,1
2026-02-01 03:35:00,4840.6,4841.8,4837.1,4837.6,101319.0,101.319,490348.2772,1
2026-02-01 03:40:00,4837.7,4840.4,4836.7,4838.0,117478.0,117.478,568407.1126,1
2026-02-01 03:45:00,4837.9,4840.6,4837.2,4840.5,74818.0,74.818,362052.791,1
2026-02-01 03:50:00,4840.6,4840.6,4837.0,4839.7,40636.0,40.636,196622.0007,1
2026-02-01 03:55:00,4839.8,4840.0,4837.9,4838.9,71388.0,71.388,345445.9591,1
2026-02-01 04:00:00,4838.8,4838.9,4832.0,4832.5,134688.0,134.688,651145.5218,1
2026-02-01 04:05:00,4832.5,4833.0,4830.0,4831.3,63057.0,63.057,304667.9207,1
2026-02-01 04:10:00,4831.3,4838.0,4831.3,4834.9,103571.0,103.571,500728.5219,1
2026-02-01 04:15:00,4834.9,4840.0,4834.9,4839.5,115655.0,115.655,559505.6097,1
2026-02-01 04:20:00,4839.5,4840.0,4837.4,4840.0,101489.0,101.489,491087.3472,1
2026-02-01 04:25:00,4840.0,4840.0,4837.2,4838.3,66969.0,66.969,324085.6597,1
2026-02-01 04:30:00,4838.3,4840.0,4835.5,4837.4,44680.0,44.68,216162.4311,1
2026-02-01 04:35:00,4837.5,4837.5,4837.0,4837.1,22153.0,22.153,107156.9054,1
2026-02-01 04:40:00,4837.2,4837.2,4835.7,4836.8,29694.0,29.694,143606.5607,1
2026-02-01 04:45:00,4836.8,4840.0,4836.7,4839.9,51418.0,51.418,248811.3462,1
2026-02-01 04:50:00,4840.0,4840.0,4837.5,4839.0,60522.0,60.522,292846.4522,1
2026-02-01 04:55:00,4839.0,4840.0,4838.9,4840.0,123415.0,123.415,597324.7156,1
2026-02-01 05:00:00,4840.0,4844.3,4839.9,4844.2,208989.0,208.989,1011726.7543,1
2026-02-01 05:05:00,4844.3,4845.7,4842.6,4844.0,65181.0,65.181,315755.8374,1
2026-02-01 05:10:00,4843.9,4848.1,4841.1,4848.1,104692.0,104.692,507197.4827,1
2026-02-01 05:15:00,4848.2,4849.0,4846.8,4847.8,95062.0,95.062,460856.6486,1
2026-02-01 05:20:00,4848.0,4851.7,4846.1,4851.7,84662.0,84.662,410490.6625,1
2026-02-01 05:25:00,4851.7,4857.0,4850.4,4856.9,98276.0,98.276,477066.1195,1
2026-02-01 05:30:00,4856.8,4856.9,4851.2,4854.9,77972.0,77.972,378513.1508,1
2026-02-01 05:35:00,4855.0,4857.0,4854.9,4856.4,83965.0,83.965,407759.6673,1
2026-02-01 05:40:00,4856.4,4860.0,4855.2,4855.5,157904.0,157.904,767036.9305,1
2026-02-01 05:45:00,4855.5,4858.9,4854.6,4856.9,79743.0,79.743,387285.626,1
2026-02-01 05:50:00,4856.9,4867.0,4854.5,4861.0,254495.0,254.495,1237354.3094,1
2026-02-01 05:55:00,4861.0,4864.0,4860.9,4863.0,89017.0,89.017,432858.1406,1
2026-02-01 06:00:00,4862.9,4867.5,4862.9,4864.2,139222.0,139.222,677396.918,1
2026-02-01 06:05:00,4864.1,4870.9,4864.1,4870.8,122855.0,122.855,598207.7057,1
2026-02-01 06:10:00,4870.8,4872.0,4861.2,4861.7,174966.0,174.966,851639.8691,1
2026-02-01 06:15:00,4861.8,4867.8,4861.2,4867.7,69221.0,69.221,336721.0375,1
2026-02-01 06:20:00,4867.7,4867.7,4861.1,4861.2,108803.0,108.803,529081.3971,1
2026-02-01 06:25:00,4861.1,4861.1,4856.3,4859.5,125216.0,125.216,608434.9321,1
2026-02-01 06:30:00,4859.5,4859.6,4851.0,4851.4,117369.0,117.369,569873.7787,1
2026-02-01 06:35:00,4851.4,4855.7,4849.6,4849.7,99672.0,99.672,483609.0238,1
2026-02-01 06:40:00,4849.6,4854.9,4849.2,4849.8,104863.0,104.863,508748.7318,1
2026-02-01 06:45:00,4849.8,4851.6,4846.5,4849.4,113503.0,113.503,550387.7061,1
2026-02-01 06:50:00,4849.3,4849.9,4845.9,4847.7,88789.0,88.789,430437.3237,1
2026-02-01 06:55:00,4847.6,4848.3,4843.0,4843.1,146053.0,146.053,707627.6422,1
2026-02-01 07:00:00,4843.0,4844.5,4839.8,4844.1,231285.0,231.285,1119907.3951,1
2026-02-01 07:05:00,4844.0,4846.6,4840.3,4845.9,106507.0,106.507,515766.3652,1
2026-02-01 07:10:00,4846.0,4849.6,4841.0,4844.1,109695.0,109.695,531449.1032,1
2026-02-01 07:15:00,4844.0,4848.3,4843.6,4844.1,113599.0,113.599,550448.0867,1
2026-02-01 07:20:00,4844.0,4845.3,4843.0,4843.1,28936.0,28.936,140177.0352,1
2026-02-01 07:25:00,4843.1,4845.9,4843.0,4845.9,60899.0,60.899,295035.0497,1
2026-02-01 07:30:00,4845.9,4850.9,4845.9,4849.1,94674.0,94.674,459017.4487,1
2026-02-01 07:35:00,4849.1,4852.0,4849.0,4851.7,35771.0,35.771,173548.8597,1
2026-02-01 07:40:00,4851.7,4867.4,4851.7,4866.2,220883.0,220.883,1073686.4643,1
2026-02-01 07:45:00,4866.2,4866.3,4860.0,4861.8,133370.0,133.37,648627.7685,1
2026-02-01 07:50:00,4861.9,4865.0,4861.0,4861.0,130346.0,130.346,633958.6152,1
2026-02-01 07:55:00,4861.0,4861.1,4854.5,4856.9,63271.0,63.271,307313.5635,1
2026-02-01 08:00:00,4856.9,4860.0,4856.9,4859.9,44983.0,44.983,218544.5343,1
2026-02-01 08:05:00,4859.8,4862.5,4858.2,4858.3,30626.0,30.626,148868.5918,1
2026-02-01 08:10:00,4858.3,4863.6,4858.2,4859.7,51839.0,51.839,252027.0946,1
2026-02-01 08:15:00,4859.6,4859.6,4853.1,4855.0,62629.0,62.629,304125.8456,1
2026-02-01 08:20:00,4855.0,4855.1,4851.9,4855.0,106580.0,106.58,517242.1859,1
2026-02-01 08:25:00,4855.0,4858.2,4854.1,4856.1,135226.0,135.226,656719.9841,1
2026-02-01 08:30:00,4856.0,4857.8,4852.1,4857.5,60376.0,60.376,293131.3469,1
2026-02-01 08:35:00,4857.5,4862.0,4857.5,4861.0,96511.0,96.511,469019.8454,1
2026-02-01 08:40:00,4861.0,4861.6,4858.0,4858.9,52349.0,52.349,254416.1593,1
2026-02-01 08:45:00,4859.0,4860.0,4856.5,4858.1,42046.0,42.046,204266.3309,1
2026-02-01 08:50:00,4858.1,4858.2,4855.0,4855.8,100706.0,100.706,489066.325,1
2026-02-01 08:55:00,4855.8,4857.0,4853.7,4853.8,28821.0,28.821,139930.4931,1
2026-02-01 09:00:00,4853.8,4855.1,4852.9,4854.8,80378.0,80.378,390164.4693,1
2026-02-01 09:05:00,4854.8,4857.0,4852.0,4853.6,98450.0,98.45,477915.9857,1
2026-02-01 09:10:00,4853.6,4855.0,4852.6,4853.7,50494.0,50.494,245070.3639,1
2026-02-01 09:15:00,4853.7,4853.9,4853.6,4853.9,15991.0,15.991,77616.8608,1
2026-02-01 09:20:00,4853.9,4855.7,4853.8,4854.1,26891.0,26.891,130545.1365,1
2026-02-01 09:25:00,4854.0,4855.5,4851.9,4855.5,65554.0,65.554,318149.331,1
2026-02-01 09:30:00,4855.5,4858.6,4855.4,4858.6,34922.0,34.922,169608.4013,1
2026-02-01 09:35:00,4858.6,4860.0,4853.6,4854.9,141445.0,141.445,687003.7733,1
2026-02-01 09:40:00,4854.9,4863.0,4854.9,4862.0,117311.0,117.311,570093.054,1
2026-02-01 09:45:00,4862.0,4862.1,4857.2,4859.9,65618.0,65.618,318928.003,1
2026-02-01 09:50:00,4859.9,4862.0,4857.1,4858.8,55209.0,55.209,268278.3118,1
2026-02-01 09:55:00,4858.8,4864.0,4858.7,4861.8,62591.0,62.591,304312.4497,1
2026-02-01 10:00:00,4861.9,4861.9,4857.8,4857.9,86312.0,86.312,419483.2787,1
2026-02-01 10:05:00,4857.8,4861.0,4857.8,4860.0,26058.0,26.058,126628.2748,1
2026-02-01 10:10:00,4860.0,4864.4,4860.0,4864.4,44620.0,44.62,216971.1549,1
2026-02-01 10:15:00,4864.3,4864.4,4861.0,4861.1,125099.0,125.099,608432.9786,1
2026-02-01 10:20:00,4861.0,4862.0,4861.0,4861.9,23360.0,23.36,113561.4699,1
2026-02-01 10:25:00,4861.9,4861.9,4859.4,4860.0,41364.0,41.364,201035.3309,1
2026-02-01 10:30:00,4859.9,4864.9,4859.0,4859.0,114297.0,114.297,555657.9998,1
2026-02-01 10:35:00,4858.9,4859.4,4855.6,4859.3,139810.0,139.81,679144.8034,1
2026-02-01 10:40:00,4859.3,4860.5,4857.0,4859.8,111465.0,111.465,541549.3095,1
2026-02-01 10:45:00,4859.8,4859.9,4856.0,4858.3,105558.0,105.558,512771.1908,1
2026-02-01 10:50:00,4858.2,4860.7,4858.2,4858.3,43644.0,43.644,212090.2789,1
2026-02-01 10:55:00,4858.3,4858.8,4855.0,4857.4,221707.0,221.707,1076837.7591,1
2026-02-01 11:00:00,4857.5,4857.5,4855.3,4856.3,45336.0,45.336,220172.0918,1
2026-02-01 11:05:00,4856.2,4859.5,4855.0,4859.5,64510.0,64.51,313306.3368,1
2026-02-01 11:10:00,4859.5,4861.0,4858.8,4858.8,40750.0,40.75,198058.2544,1
2026-02-01 11:15:00,4858.8,4858.9,4848.4,4851.7,299826.0,299.826,1455057.0719,1
2026-02-01 11:20:00,4851.7,4854.7,4851.0,4854.5,189930.0,189.93,921677.4031,1
2026-02-01 11:25:00,4854.5,4862.0,4852.3,4856.8,232300.0,232.3,1128330.7502,1
2026-02-01 11:30:00,4856.8,4857.9,4856.8,4857.7,61157.0,61.157,297061.148,1
2026-02-01 11:35:00,4857.7,4860.8,4856.5,4857.1,81823.0,81.823,397571.0253,1
2026-02-01 11:40:00,4857.0,4857.1,4853.3,4854.4,100305.0,100.305,486940.2567,1
2026-02-01 11:45:00,4854.4,4854.6,4845.4,4847.7,137561.0,137.561,667103.6176,1
2026-02-01 11:50:00,4847.7,4847.7,4841.7,4842.1,156776.0,156.776,759395.1972,1
2026-02-01 11:55:00,4842.0,4845.8,4842.0,4842.1,102372.0,102.372,495803.018,1
2026-02-01 12:00:00,4842.1,4842.2,4835.0,4840.1,206305.0,206.305,998155.2664,1
2026-02-01 12:05:00,4840.0,4840.2,4836.2,4837.5,84642.0,84.642,409505.4069,1
2026-02-01 12:10:00,4837.6,4841.9,4837.3,4837.3,86423.0,86.423,418268.3213,1
2026-02-01 12:15:00,4837.3,4837.3,4829.0,4829.5,147710.0,147.71,713725.3578,1
2026-02-01 12:20:00,4829.5,4829.8,4820.3,4822.9,345383.0,345.383,1666437.2577,1
2026-02-01 12:25:00,4822.9,4830.1,4821.2,4829.3,204695.0,204.695,987584.56,1
2026-02-01 12:30:00,4829.3,4832.8,4822.5,4824.4,133315.0,133.315,643757.6887,1
2026-02-01 12:35:00,4824.4,4828.0,4824.3,4825.7,100835.0,100.835,486597.8005,1
2026-02-01 12:40:00,4825.6,4828.5,4825.1,4828.4,119334.0,119.334,575957.5605,1
2026-02-01 12:45:00,4828.5,4830.8,4825.0,4826.5,202455.0,202.455,977300.4254,1
2026-02-01 12:50:00,4826.6,4830.0,4825.9,4829.9,64003.0,64.003,308975.2418,1
2026-02-01 12:55:00,4829.9,4833.0,4829.9,4833.0,25660.0,25.66,123965.9476,1
2026-02-01 13:00:00,4832.9,4834.7,4831.4,4833.1,109231.0,109.231,527945.8044,1
2026-02-01 13:05:00,4833.1,4839.3,4833.0,4837.1,101152.0,101.152,489186.0028,1
2026-02-01 13:10:00,4837.1,4846.0,4836.9,4844.9,167006.0,167.006,808682.5125,1
2026-02-01 13:15:00,4844.9,4845.4,4837.8,4838.9,233405.0,233.405,1129981.7833,1
2026-02-01 13:20:00,4838.9,4844.0,4837.0,4840.3,123735.0,123.735,598832.36,1
2026-02-01 13:25:00,4840.3,4840.3,4832.8,4836.8,91806.0,91.806,443899.5266,1
2026-02-01 13:30:00,4836.7,4839.0,4835.0,4839.0,61716.0,61.716,298467.9064,1
2026-02-01 13:35:00,4839.0,4839.0,4830.4,4830.6,146561.0,146.561,708485.8009,1
2026-02-01 13:40:00,4830.6,4830.6,4829.0,4829.2,101097.0,101.097,488281.4566,1
2026-02-01 13:45:00,4829.1,4831.0,4825.8,4825.9,86921.0,86.921,419765.2934,1
2026-02-01 13:50:00,4825.8,4828.4,4825.0,4825.8,90475.0,90.475,436662.8387,1
2026-02-01 13:55:00,4826.0,4828.0,4826.0,4826.9,52378.0,52.378,252852.3466,1
2026-02-01 14:00:00,4826.9,4826.9,4823.1,4824.2,126207.0,126.207,608853.423,1
2026-02-01 14:05:00,4824.2,4829.6,4824.1,4825.1,90135.0,90.135,435029.0706,1
2026-02-01 14:10:00,4825.0,4825.1,4817.1,4821.6,143096.0,143.096,689720.7602,1
2026-02-01 14:15:00,4821.6,4823.4,4821.2,4823.4,66279.0,66.279,319575.5655,1
2026-02-01 14:20:00,4823.5,4825.7,4820.0,4820.1,76848.0,76.848,370635.0673,1
2026-02-01 14:25:00,4820.0,4822.6,4815.0,4815.1,162544.0,162.544,783117.1842,1
2026-02-01 14:30:00,4815.0,4817.0,4804.6,4804.7,467338.0,467.338,2248807.8177,1
2026-02-01 14:35:00,4804.7,4806.1,4797.6,4804.3,666654.0,666.654,3201636.306,1
2026-02-01 14:40:00,4804.3,4810.8,4795.0,4805.2,472821.0,472.821,2271803.6746,1
2026-02-01 14:45:00,4805.1,4806.5,4795.2,4801.9,286924.0,286.924,1377294.203,1
2026-02-01 14:50:00,4802.0,4815.7,4801.9,4810.3,265204.0,265.204,1275863.7678,1
2026-02-01 14:55:00,4810.3,4814.0,4808.0,4808.1,88305.0,88.305,424917.1383,1
2026-02-01 15:00:00,4808.0,4808.0,4796.4,4802.3,522758.0,522.758,2509795.3906,1
2026-02-01 15:05:00,4802.3,4803.5,4782.8,4791.4,483940.0,483.94,2319535.33,1
2026-02-01 15:10:00,4791.3,4794.7,4780.0,4787.4,663893.0,663.893,3178268.8662,1
2026-02-01 15:15:00,4787.4,4796.7,4786.2,4791.9,355554.0,355.554,1703349.8003,1
2026-02-01 15:20:00,4792.0,4794.7,4787.2,4794.5,163559.0,163.559,783658.1187,1
2026-02-01 15:25:00,4794.5,4797.5,4789.4,4796.9,252104.0,252.104,1208272.9676,1
2026-02-01 15:30:00,4796.9,4797.3,4787.0,4790.5,455751.0,455.751,2183386.1138,1
2026-02-01 15:35:00,4790.4,4792.9,4778.5,4792.3,322257.0,322.257,1541752.8287,1
2026-02-01 15:40:00,4792.2,4794.4,4788.1,4793.6,119153.0,119.153,570906.0685,1
2026-02-01 15:45:00,4793.6,4800.0,4793.4,4798.6,184983.0,184.983,887246.5262,1
2026-02-01 15:50:00,4798.6,4804.2,4798.1,4799.4,147046.0,147.046,705891.2857,1
2026-02-01 15:55:00,4799.3,4802.2,4798.6,4801.5,98569.0,98.569,473232.4187,1
2026-02-01 16:00:00,4801.6,4802.1,4791.0,4794.3,455514.0,455.514,2184751.3429,1
2026-02-01 16:05:00,4794.3,4803.2,4793.0,4793.8,185572.0,185.572,890148.1229,1
2026-02-01 16:10:00,4793.8,4797.8,4788.5,4795.8,212592.0,212.592,1018935.2193,1
2026-02-01 16:15:00,4795.8,4795.8,4787.0,4787.0,125569.0,125.569,601503.8803,1
2026-02-01 16:20:00,4787.0,4794.7,4786.2,4794.7,332931.0,332.931,1594671.693,1
2026-02-01 16:25:00,4794.7,4802.0,4791.1,4795.3,211165.0,211.165,1012994.4762,1
2026-02-01 16:30:00,4795.3,4796.4,4789.3,4795.3,149561.0,149.561,716780.2232,1
2026-02-01 16:35:00,4795.4,4803.3,4795.4,4799.9,174902.0,174.902,839530.7085,1
2026-02-01 16:40:00,4799.9,4810.0,4799.9,4802.4,338961.0,338.961,1629016.1384,1
2026-02-01 16:45:00,4802.4,4808.0,4793.8,4796.9,117519.0,117.519,564221.2482,1
2026-02-01 16:50:00,4796.8,4802.7,4793.9,4798.8,87033.0,87.033,417612.1205,1
2026-02-01 16:55:00,4798.9,4802.8,4797.9,4802.8,175516.0,175.516,842468.7624,1
2026-02-01 17:00:00,4802.8,4807.6,4800.4,4806.8,144542.0,144.542,694342.4369,1
2026-02-01 17:05:00,4807.0,4810.8,4806.1,4807.6,152467.0,152.467,733191.4659,1
2026-02-01 17:10:00,4807.6,4825.8,4806.7,4818.7,286163.0,286.163,1378936.4133,1
2026-02-01 17:15:00,4818.7,4820.9,4815.1,4816.2,120228.0,120.228,579220.6813,1
2026-02-01 17:20:00,4816.2,4816.2,4808.2,4810.2,43846.0,43.846,210958.482,1
2026-02-01 17:25:00,4810.1,4812.0,4808.2,4809.0,44404.0,44.404,213587.0987,1
2026-02-01 17:30:00,4809.0,4816.2,4808.5,4815.2,77970.0,77.97,375243.9292,1
2026-02-01 17:35:00,4815.2,4819.0,4815.0,4816.6,71868.0,71.868,346152.2229,1
2026-02-01 17:40:00,4816.7,4824.0,4816.3,4823.0,101819.0,101.819,490879.9466,1
2026-02-01 17:45:00,4823.1,4823.1,4818.7,4822.5,84823.0,84.823,408928.1167,1
2026-02-01 17:50:00,4822.4,4840.1,4822.4,4832.0,259675.0,259.675,1254976.9362,1
2026-02-01 17:55:00,4832.0,4839.9,4828.5,4833.2,295900.0,295.9,1429994.2594,1
2026-02-01 18:00:00,4833.2,4841.7,4832.4,4841.6,153641.0,153.641,743221.2347,1
2026-02-01 18:05:00,4841.7,4847.6,4841.7,4843.5,304989.0,304.989,1477386.4689,1
2026-02-01 18:10:00,4843.5,4843.5,4838.2,4839.1,227467.0,227.467,1101017.7325,1
2026-02-01 18:15:00,4839.2,4839.2,4827.8,4836.0,154975.0,154.975,749077.3892,1
2026-02-01 18:20:00,4836.0,4844.0,4829.6,4829.9,211601.0,211.601,1023716.9603,1
2026-02-01 18:25:00,4829.8,4833.5,4826.6,4831.0,111982.0,111.982,540901.2438,1
2026-02-01 18:30:00,4831.5,4832.0,4827.2,4827.2,88844.0,88.844,429111.8804,1
2026-02-01 18:35:00,4827.2,4827.3,4818.6,4824.4,184424.0,184.424,889397.3661,1
2026-02-01 18:40:00,4824.4,4833.0,4824.4,4827.1,172518.0,172.518,833236.2708,1
2026-02-01 18:45:00,4827.1,4830.0,4826.8,4830.0,46015.0,46.015,222182.9501,1
2026-02-01 18:50:00,4829.4,4829.4,4824.4,4828.4,61681.0,61.681,297698.9034,1
2026-02-01 18:55:00,4828.4,4830.5,4825.3,4830.5,74844.0,74.844,361380.2194,1
2026-02-01 19:00:00,4830.6,4831.1,4828.1,4828.3,85212.0,85.212,411539.6518,1
2026-02-01 19:05:00,4828.2,4828.3,4823.9,4825.5,26635.0,26.635,128530.571,1
2026-02-01 19:10:00,4825.4,4828.2,4823.0,4824.2,57283.0,57.283,276445.8854,1
2026-02-01 19:15:00,4824.2,4824.3,4816.7,4822.6,186394.0,186.394,898486.2564,1
2026-02-01 19:20:00,4822.5,4822.5,4818.1,4820.3,38255.0,38.255,184391.0616,1
2026-02-01 19:25:00,4820.2,4820.3,4817.0,4818.8,56866.0,56.866,273998.6677,1
2026-02-01 19:30:00,4818.7,4821.9,4818.4,4820.6,27040.0,27.04,130341.9733,1
2026-02-01 19:35:00,4820.5,4821.0,4817.4,4818.7,62113.0,62.113,299330.1131,1
2026-02-01 19:40:00,4818.6,4818.7,4811.6,4815.0,128767.0,128.767,619811.6885,1
2026-02-01 19:45:00,4814.9,4815.2,4806.1,4810.7,197531.0,197.531,950319.8688,1
2026-02-01 19:50:00,4810.7,4814.2,4809.3,4812.6,140184.0,140.184,674568.334,1
2026-02-01 19:55:00,4812.5,4812.5,4805.1,4811.6,76566.0,76.566,368176.1343,1
2026-02-01 20:00:00,4811.5,4814.5,4801.8,4809.5,216603.0,216.603,1041365.2798,1
2026-02-01 20:05:00,4809.6,4815.0,4808.1,4810.1,112776.0,112.776,542654.4712,1
2026-02-01 20:10:00,4810.5,4814.9,4807.8,4809.9,158763.0,158.763,763915.295,1
2026-02-01 20:15:00,4809.9,4818.7,4809.1,4815.8,143829.0,143.829,692343.2646,1
2026-02-01 20:20:00,4815.9,4820.0,4813.7,4813.7,42889.0,42.889,206619.0674,1
2026-02-01 20:25:00,4813.6,4813.6,4797.3,4801.2,158408.0,158.408,761055.946,1
2026-02-01 20:30:00,4801.2,4812.5,4801.2,4808.9,183770.0,183.77,883296.1277,1
2026-02-01 20:35:00,4808.8,4813.3,4808.3,4813.3,89847.0,89.847,432247.0087,1
2026-02-01 20:40:00,4813.3,4816.1,4812.3,4814.4,63426.0,63.426,305368.1121,1
2026-02-01 20:45:00,4814.3,4814.7,4810.0,4810.0,33281.0,33.281,160150.6213,1
2026-02-01 20:50:00,4810.0,4812.1,4807.2,4809.6,38438.0,38.438,184856.3969,1
2026-02-01 20:55:00,4809.5,4809.5,4804.3,4807.9,120237.0,120.237,577913.4716,1
2026-02-01 21:00:00,4807.9,4809.2,4800.9,4800.9,81029.0,81.029,389345.5684,1
2026-02-01 21:05:00,4800.9,4804.6,4798.0,4798.1,120897.0,120.897,580429.4271,1
2026-02-01 21:10:00,4798.0,4801.8,4795.2,4800.2,89067.0,89.067,427330.1851,1
2026-02-01 21:15:00,4800.0,4802.3,4796.0,4800.3,84049.0,84.049,403422.61,1
2026-02-01 21:20:00,4800.2,4806.4,4799.4,4805.4,40457.0,40.457,194352.4204,1
2026-02-01 21:25:00,4805.5,4808.0,4801.4,4807.7,53103.0,53.103,255174.1622,1
2026-02-01 21:30:00,4807.6,4808.1,4799.0,4801.4,169168.0,169.168,812698.4821,1
2026-02-01 21:35:00,4801.5,4802.1,4801.2,4801.5,9259.0,9.259,44457.3973,1
2026-02-01 21:40:00,4801.6,4803.2,4799.1,4801.0,45672.0,45.672,219313.1151,1
2026-02-01 21:45:00,4801.0,4803.7,4792.4,4795.9,247653.0,247.653,1188043.2783,1
2026-02-01 21:50:00,4795.9,4795.9,4790.8,4791.7,67533.0,67.533,323655.0407,1
2026-02-01 21:55:00,4791.1,4793.2,4787.8,4793.0,182334.0,182.334,873279.0339,1
2026-02-01 22:00:00,4793.2,4800.7,4792.4,4798.9,175142.0,175.142,840229.368,1
2026-02-01 22:05:00,4798.9,4802.4,4797.8,4801.8,148350.0,148.35,712024.2872,1
2026-02-01 22:10:00,4801.9,4807.0,4801.8,4806.9,107194.0,107.194,515040.515,1
2026-02-01 22:15:00,4806.9,4817.8,4806.9,4817.8,56580.0,56.58,272208.5473,1
2026-02-01 22:20:00,4817.9,4822.5,4809.5,4813.9,146567.0,146.567,706185.818,1
2026-02-01 22:25:00,4813.8,4819.1,4805.0,4817.8,164918.0,164.918,793643.9096,1
2026-02-01 22:30:00,4817.8,4818.4,4812.0,4816.1,60032.0,60.032,289081.0097,1
2026-02-01 22:35:00,4816.1,4819.0,4816.0,4817.9,32181.0,32.181,155031.5889,1
2026-02-01 22:40:00,4818.0,4820.0,4809.4,4809.4,83281.0,83.281,401143.3692,1
2026-02-01 22:45:00,4809.5,4819.8,4809.5,4819.1,44127.0,44.127,212517.0773,1
2026-02-01 22:50:00,4819.0,4827.9,4819.0,4825.3,71975.0,71.975,347221.2238,1
2026-02-01 22:55:00,4825.3,4828.4,4816.1,4818.1,216052.0,216.052,1041969.0342,1
2026-02-01 23:00:00,4818.2,4854.5,4750.0,4809.2,3821751.0,3821.751,18344994.5954,1
2026-02-01 23:05:00,4809.2,4813.1,4789.1,4803.0,1900308.0,1900.308,9128537.098,1
2026-02-01 23:10:00,4802.9,4804.6,4708.0,4735.5,4506047.0,4506.047,21380012.8067,1
2026-02-01 23:15:00,4735.5,4744.6,4688.0,4711.1,2336350.0,2336.35,11012045.1689,1
2026-02-01 23:20:00,4711.0,4742.2,4702.6,4725.8,1351561.0,1351.561,6386961.4518,1
2026-02-01 23:25:00,4725.2,4744.4,4715.6,4727.5,997600.0,997.6,4721058.1516,1
2026-02-01 23:30:00,4727.5,4747.5,4715.5,4747.5,1028982.0,1028.982,4868363.0839,1
2026-02-01 23:35:00,4747.5,4784.2,4744.0,4775.9,1317570.0,1317.57,6278104.0825,1
2026-02-01 23:40:00,4775.8,4787.1,4766.4,4774.2,850440.0,850.44,4061123.7127,1
2026-02-01 23:45:00,4774.1,4775.7,4723.9,4745.3,1480323.0,1480.323,7017902.3758,1
2026-02-01 23:50:00,4745.3,4764.6,4740.5,4751.4,1259954.0,1259.954,5989753.703,1
2026-02-01 23:55:00,4752.1,4761.3,4734.5,4743.6,814258.0,814.258,3866580.8553,1
2026-02-02 00:00:00,4743.6,4783.7,4740.1,4783.7,1103947.0,1103.947,5259388.6347,1
2026-02-02 00:05:00,4783.7,4827.7,4777.2,4821.7,1384127.0,1384.127,6641631.1428,1
2026-02-02 00:10:00,4821.6,4849.7,4813.3,4847.1,1606803.0,1606.803,7764916.1472,1
2026-02-02 00:15:00,4847.0,4874.8,4843.6,4868.7,1889220.0,1889.22,9175806.0571,1
2026-02-02 00:20:00,4868.7,4886.5,4854.5,4863.4,1359732.0,1359.732,6625241.4491,1
2026-02-02 00:25:00,4863.5,4863.5,4835.0,4848.7,1274336.0,1274.336,6178763.7954,1
2026-02-02 00:30:00,4848.8,4850.5,4821.3,4827.3,1064311.0,1064.311,5142463.7212,1
2026-02-02 00:35:00,4827.3,4848.9,4822.1,4836.9,894426.0,894.426,4326156.089,1
2026-02-02 00:40:00,4837.1,4842.6,4796.6,4808.8,1094888.0,1094.888,5274748.9714,1
2026-02-02 00:45:00,4808.8,4813.9,4780.6,4802.2,1016135.0,1016.135,4876799.0059,1
2026-02-02 00:50:00,4802.1,4804.7,4787.5,4796.3,568382.0,568.382,2726207.6155,1
2026-02-02 00:55:00,4796.2,4800.5,4763.3,4773.2,793607.0,793.607,3791956.2117,1
2026-02-02 01:00:00,4773.2,4789.9,4738.2,4765.2,2115647.0,2115.647,10074390.6427,1
2026-02-02 01:05:00,4764.3,4772.3,4665.0,4671.2,3130816.0,3130.816,14727451.0477,1
2026-02-02 01:10:00,4670.7,4676.7,4616.0,4660.5,7050602.0,7050.602,32743059.4602,1
2026-02-02 01:15:00,4661.3,4706.5,4656.6,4696.8,2567009.0,2567.009,12032340.9719,1
2026-02-02 01:20:00,4696.9,4718.5,4667.3,4690.1,1524322.0,1524.322,7153261.375,1
2026-02-02 01:25:00,4690.3,4716.7,4679.1,4708.1,1191882.0,1191.882,5604597.5091,1
2026-02-02 01:30:00,4708.1,4720.6,4684.6,4716.1,910964.0,910.964,4284243.98,1
2026-02-02 01:35:00,4716.2,4752.1,4715.8,4724.6,1504549.0,1504.549,7123201.4826,1
2026-02-02 01:40:00,4724.6,4730.9,4701.0,4723.3,717188.0,717.188,3382971.4814,1
2026-02-02 01:45:00,4723.3,4737.3,4716.1,4727.4,882961.0,882.961,4175296.1486,1
2026-02-02 01:50:00,4727.5,4753.6,4722.8,4741.9,837085.0,837.085,3970772.7333,1
2026-02-02 01:55:00,4741.9,4750.1,4730.6,4744.8,810491.0,810.491,3843407.6323,1
2026-02-02 02:00:00,4744.6,4753.1,4722.0,4731.6,850151.0,850.151,4028607.7342,1
2026-02-02 02:05:00,4731.5,4733.5,4714.9,4725.0,585375.0,585.375,2766495.515,1
2026-02-02 02:10:00,4724.7,4746.2,4706.9,4740.1,893930.0,893.93,4224643.1423,1
2026-02-02 02:15:00,4740.2,4755.4,4733.4,4743.2,646941.0,646.941,3069059.5749,1
2026-02-02 02:20:00,4743.2,4746.8,4724.2,4732.3,422185.0,422.185,1999756.3624,1
2026-02-02 02:25:00,4732.2,4754.2,4731.2,4751.1,516456.0,516.456,2450925.3599,1
2026-02-02 02:30:00,4751.2,4779.2,4748.4,4766.0,1553269.0,1553.269,7402600.5679,1
2026-02-02 02:35:00,4766.0,4773.6,4757.4,4762.4,502758.0,502.758,2395454.7282,1
2026-02-02 02:40:00,4762.4,4777.7,4752.8,4772.4,630928.0,630.928,3007888.4863,1
2026-02-02 02:45:00,4770.0,4770.0,4731.1,4734.5,1019665.0,1019.665,4838075.8979,1
2026-02-02 02:50:00,4734.2,4740.3,4728.0,4732.1,505207.0,505.207,2391341.8857,1
2026-02-02 02:55:00,4732.1,4745.4,4707.0,4720.0,736992.0,736.992,3480105.0338,1
2026-02-02 03:00:00,4720.0,4736.6,4717.0,4717.0,665345.0,665.345,3143973.4459,1
2026-02-02 03:05:00,4717.1,4731.0,4715.3,4728.3,397098.0,397.098,1875742.8447,1
2026-02-02 03:10:00,4728.4,4730.9,4701.1,4702.9,599922.0,599.922,2829141.2732,1
2026-02-02 03:15:00,4703.0,4723.8,4677.8,4722.4,1337874.0,1337.874,6280712.8082,1
2026-02-02 03:20:00,4722.4,4734.6,4719.0,4721.2,481890.0,481.89,2277459.0983,1
2026-02-02 03:25:00,4721.0,4723.2,4688.9,4699.6,764283.0,764.283,3594433.4102,1
2026-02-02 03:30:00,4699.6,4703.5,4677.0,4677.0,692075.0,692.075,3246234.9515,1
2026-02-02 03:35:00,4677.0,4685.9,4655.2,4663.0,1212260.0,1212.26,5660294.8732,1
2026-02-02 03:40:00,4663.0,4676.1,4643.3,4671.3,1179435.0,1179.435,5494414.5138,1
2026-02-02 03:45:00,4671.4,4705.1,4670.0,4698.7,899459.0,899.459,4215431.3739,1
2026-02-02 03:50:00,4698.7,4698.7,4667.6,4667.6,874192.0,874.192,4093467.8144,1
2026-02-02 03:55:00,4667.5,4673.4,4649.1,4652.3,800403.0,800.403,3728932.9173,1
2026-02-02 04:00:00,4652.4,4667.0,4620.8,4620.8,1645863.0,1645.863,7629758.8686,1
2026-02-02 04:05:00,4620.7,4667.9,4611.1,4667.9,1828247.0,1828.247,8481656.5671,1
2026-02-02 04:10:00,4667.8,4671.9,4643.2,4668.2,865441.0,865.441,4031925.5317,1
2026-02-02 04:15:00,4668.3,4699.8,4666.6,4699.7,1093491.0,1093.491,5121861.9864,1
2026-02-02 04:20:00,4699.8,4707.0,4682.9,4688.3,617623.0,617.623,2899596.685,1
2026-02-02 04:25:00,4688.4,4696.5,4680.9,4682.4,369274.0,369.274,1731547.6458,1
2026-02-02 04:30:00,4682.2,4706.2,4677.7,4695.7,500641.0,500.641,2351126.8355,1
2026-02-02 04:35:00,4695.7,4700.1,4675.1,4675.9,377361.0,377.361,1769378.7546,1
2026-02-02 04:40:00,4676.0,4697.1,4667.9,4695.2,376968.0,376.968,1764749.305,1
2026-02-02 04:45:00,4695.2,4719.5,4691.8,4691.8,638709.0,638.709,3005124.163,1
2026-02-02 04:50:00,4691.7,4696.5,4681.6,4691.1,352834.0,352.834,1654865.5933,1
2026-02-02 04:55:00,4691.0,4693.2,4679.1,4685.0,343318.0,343.318,1608641.367,1
2026-02-02 05:00:00,4685.0,4696.5,4676.8,4693.7,309794.0,309.794,1452165.7582,1
2026-02-02 05:05:00,4693.8,4699.1,4668.6,4677.8,792243.0,792.243,3710080.3661,1
2026-02-02 05:10:00,4677.7,4681.5,4655.5,4665.5,430214.0,430.214,2007312.275,1
2026-02-02 05:15:00,4665.5,4679.1,4662.0,4667.6,401838.0,401.838,1876925.1861,1
2026-02-02 05:20:00,4667.6,4674.0,4655.7,4672.8,411012.0,411.012,1917431.2452,1
2026-02-02 05:25:00,4672.8,4674.1,4658.3,4661.4,473621.0,473.621,2210429.2531,1
2026-02-02 05:30:00,4661.4,4661.5,4627.4,4639.3,1193616.0,1193.616,5536925.9214,1
2026-02-02 05:35:00,4638.8,4648.0,4613.2,4632.0,1202904.0,1202.904,5565577.1091,1
2026-02-02 05:40:00,4631.9,4633.1,4582.1,4587.1,2469083.0,2469.083,11367443.723,1
2026-02-02 05:45:00,4587.1,4591.7,4544.8,4567.8,3427846.0,3427.846,15649992.0438,1
2026-02-02 05:50:00,4567.7,4585.1,4518.5,4560.0,4788112.0,4788.112,21784156.634,1
2026-02-02 05:55:00,4559.9,4581.8,4544.4,4571.2,2208739.0,2208.739,10080580.547,1
2026-02-02 06:00:00,4571.2,4588.7,4561.1,4577.1,1256466.0,1256.466,5750210.9296,1
2026-02-02 06:05:00,4577.0,4578.7,4538.6,4571.4,1152966.0,1152.966,5255272.1679,1
2026-02-02 06:10:00,4571.5,4579.9,4550.0,4552.8,768601.0,768.601,3509269.7425,1
2026-02-02 06:15:00,4552.6,4567.2,4533.4,4552.2,872768.0,872.768,3969065.5469,1
2026-02-02 06:20:00,4552.5,4554.5,4482.6,4491.2,4469717.0,4469.717,20149947.4666,1
2026-02-02 06:25:00,4491.3,4514.4,4455.0,4506.2,3878945.0,3878.945,17411137.2041,1
2026-02-02 06:30:00,4506.1,4526.6,4499.0,4500.2,2760180.0,2760.18,12461769.658,1
2026-02-02 06:35:00,4500.3,4506.7,4433.9,4444.7,4376118.0,4376.118,19509093.2896,1
2026-02-02 06:40:00,4444.8,4506.1,4441.8,4505.3,3769654.0,3769.654,16874679.3858,1
2026-02-02 06:45:00,4505.4,4508.7,4459.1,4471.5,2231914.0,2231.914,10016285.8675,1
2026-02-02 06:50:00,4471.5,4520.0,4470.6,4516.6,1539432.0,1539.432,6932606.1293,1
2026-02-02 06:55:00,4516.7,4543.6,4510.8,4527.2,1760347.0,1760.347,7972906.1789,1
2026-02-02 07:00:00,4527.9,4562.7,4515.0,4559.4,2391751.0,2391.751,10865447.8408,1
2026-02-02 07:05:00,4559.3,4572.0,4544.2,4571.0,1228766.0,1228.766,5601829.3349,1
2026-02-02 07:10:00,4571.1,4571.1,4546.8,4552.3,1016600.0,1016.6,4631805.8883,1
2026-02-02 07:15:00,4552.4,4572.0,4538.0,4542.5,1304040.0,1304.04,5935364.0476,1
2026-02-02 07:20:00,4542.5,4566.3,4537.5,4558.4,817468.0,817.468,3720977.6216,1
2026-02-02 07:25:00,4558.5,4584.7,4558.5,4569.1,977153.0,977.153,4468800.9257,1
2026-02-02 07:30:00,4569.1,4575.4,4539.2,4546.6,955932.0,955.932,4353622.9202,1
2026-02-02 07:35:00,4546.5,4583.4,4540.1,4577.6,717619.0,717.619,3277136.1463,1
2026-02-02 07:40:00,4577.6,4598.0,4574.8,4588.2,1080862.0,1080.862,4957363.2724,1
2026-02-02 07:45:00,4588.3,4623.7,4588.2,4620.5,1888548.0,1888.548,8703910.9629,1
2026-02-02 07:50:00,4620.5,4620.6,4587.6,4602.9,734033.0,734.033,3378670.4126,1
2026-02-02 07:55:00,4603.0,4620.8,4590.1,4592.0,1395959.0,1395.959,6430707.7336,1
2026-02-02 08:00:00,4592.1,4603.3,4575.8,4585.3,978361.0,978.361,4487834.6276,1
2026-02-02 08:05:00,4585.7,4634.5,4582.2,4627.6,1107778.0,1107.778,5110419.0923,1
2026-02-02 08:10:00,4627.6,4638.6,4613.4,4621.6,974374.0,974.374,4507547.6647,1
2026-02-02 08:15:00,4620.7,4642.3,4613.2,4641.8,598944.0,598.944,2769021.6349,1
2026-02-02 08:20:00,4641.5,4659.0,4639.0,4648.3,1062946.0,1062.946,4943517.5482,1
2026-02-02 08:25:00,4648.3,4654.1,4631.1,4654.0,722084.0,722.084,3352170.1418,1
2026-02-02 08:30:00,4654.1,4659.5,4636.1,4639.6,685118.0,685.118,3185528.3837,1
2026-02-02 08:35:00,4639.7,4641.0,4621.7,4637.7,574000.0,574,2658419.472,1
2026-02-02 08:40:00,4637.7,4657.3,4633.3,4649.0,423586.0,423.586,1967313.7163,1
2026-02-02 08:45:00,4648.8,4655.0,4642.9,4652.5,414709.0,414.709,1928172.4356,1
2026-02-02 08:50:00,4652.5,4660.0,4638.3,4654.4,526945.0,526.945,2451442.9773,1
2026-02-02 08:55:00,4654.5,4656.0,4636.1,4647.0,741215.0,741.215,3443027.9534,1
2026-02-02 09:00:00,4647.0,4651.2,4610.0,4634.6,995234.0,995.234,4603191.3653,1
2026-02-02 09:05:00,4634.7,4642.0,4622.7,4638.3,560797.0,560.797,2598664.7598,1
2026-02-02 09:10:00,4638.4,4659.9,4636.2,4649.6,727201.0,727.201,3382140.627,1
2026-02-02 09:15:00,4649.5,4653.6,4637.3,4647.3,462977.0,462.977,2150963.2375,1
2026-02-02 09:20:00,4647.4,4653.6,4632.7,4653.3,331590.0,331.59,1539975.5075,1
2026-02-02 09:25:00,4653.4,4703.1,4648.9,4691.0,2251215.0,2251.215,10542674.2396,1
2026-02-02 09:30:00,4691.0,4706.5,4687.1,4692.0,1268886.0,1268.886,5961977.0779,1
2026-02-02 09:35:00,4691.5,4706.3,4681.8,4703.9,1312733.0,1312.733,6164055.124,1
2026-02-02 09:40:00,4704.0,4713.4,4688.3,4690.2,1277848.0,1277.848,6007258.742,1
2026-02-02 09:45:00,4690.0,4719.0,4686.8,4717.7,644037.0,644.037,3030834.8795,1
2026-02-02 09:50:00,4717.7,4721.4,4702.0,4717.0,753351.0,753.351,3550229.9459,1
2026-02-02 09:55:00,4716.9,4732.6,4707.6,4719.9,1220929.0,1220.929,5764069.5435,1
2026-02-02 10:00:00,4719.9,4732.6,4712.0,4714.3,544801.0,544.801,2573061.5276,1
2026-02-02 10:05:00,4714.3,4721.2,4705.2,4713.4,505552.0,505.552,2383677.3653,1
2026-02-02 10:10:00,4713.5,4732.0,4713.0,4730.6,422875.0,422.875,1997874.4981,1
2026-02-02 10:15:00,4730.8,4730.9,4712.3,4713.7,341601.0,341.601,1611926.1722,1
2026-02-02 10:20:00,4713.8,4718.9,4687.3,4692.7,1122179.0,1122.179,5271561.4105,1
2026-02-02 10:25:00,4692.7,4692.8,4673.3,4685.0,979614.0,979.614,4585610.4514,1
2026-02-02 10:30:00,4685.1,4693.1,4678.5,4688.2,684226.0,684.226,3206756.5674,1
2026-02-02 10:35:00,4688.1,4689.3,4661.1,4688.0,642270.0,642.27,3003577.8388,1
2026-02-02 10:40:00,4688.0,4699.0,4674.1,4675.7,460798.0,460.798,2160828.0938,1
2026-02-02 10:45:00,4675.7,4679.0,4660.8,4677.5,578998.0,578.998,2702481.8243,1
2026-02-02 10:50:00,4677.4,4698.6,4672.4,4694.2,323245.0,323.245,1516420.7141,1
2026-02-02 10:55:00,4694.1,4711.0,4694.1,4709.1,976312.0,976.312,4596284.9041,1
2026-02-02 11:00:00,4709.2,4723.6,4709.1,4719.3,842143.0,842.143,3972525.8422,1
2026-02-02 11:05:00,4719.3,4728.8,4718.0,4726.9,557340.0,557.34,2632848.3624,1
2026-02-02 11:10:00,4726.9,4754.5,4721.8,4752.9,1082705.0,1082.705,5132008.5138,1
2026-02-02 11:15:00,4753.0,4763.2,4744.6,4757.7,1144768.0,1144.768,5441514.2563,1
2026-02-02 11:20:00,4757.7,4767.3,4748.3,4763.4,907081.0,907.081,4316973.5962,1
2026-02-02 11:25:00,4763.4,4765.0,4748.1,4758.7,607684.0,607.684,2891549.5442,1
2026-02-02 11:30:00,4758.5,4769.2,4753.7,4755.8,548503.0,548.503,2611748.9813,1
2026-02-02 11:35:00,4755.9,4778.2,4755.9,4777.9,631508.0,631.508,3014218.3036,1
2026-02-02 11:40:00,4777.9,4783.3,4770.5,4774.6,801045.0,801.045,3827009.0336,1
2026-02-02 11:45:00,4774.6,4782.3,4773.7,4779.5,299982.0,299.982,1433496.9265,1
2026-02-02 11:50:00,4779.5,4780.5,4761.1,4766.4,690723.0,690.723,3294223.7946,1
2026-02-02 11:55:00,4766.3,4778.5,4764.4,4770.0,428870.0,428.87,2045192.2672,1
2026-02-02 12:00:00,4770.1,4779.0,4754.0,4759.9,952822.0,952.822,4541257.6155,1
2026-02-02 12:05:00,4759.9,4767.4,4748.8,4767.3,606930.0,606.93,2886844.6539,1
2026-02-02 12:10:00,4767.4,4780.4,4761.4,4767.1,400294.0,400.294,1909853.7859,1
2026-02-02 12:15:00,4767.3,4782.8,4765.1,4782.4,609273.0,609.273,2908639.0269,1
2026-02-02 12:20:00,4782.3,4796.5,4775.4,4786.0,696969.0,696.969,3335892.9485,1
2026-02-02 12:25:00,4786.1,4790.0,4777.7,4782.6,381797.0,381.797,1826079.6952,1
2026-02-02 12:30:00,4782.6,4790.8,4776.9,4781.8,470494.0,470.494,2250734.8233,1
2026-02-02 12:35:00,4781.9,4790.0,4773.7,4786.1,600168.0,600.168,2869891.5386,1
2026-02-02 12:40:00,4786.0,4811.0,4783.1,4808.0,749314.0,749.314,3596429.14,1
2026-02-02 12:45:00,4808.0,4822.8,4790.8,4793.6,1534985.0,1534.985,7380059.2818,1
2026-02-02 12:50:00,4793.6,4799.6,4782.1,4788.8,910517.0,910.517,4363150.6571,1
2026-02-02 12:55:00,4788.8,4798.3,4777.4,4796.9,551873.0,551.873,2642422.3317,1
2026-02-02 13:00:00,4797.0,4798.6,4732.0,4757.4,3293690.0,3293.69,15655748.8505,1
2026-02-02 13:05:00,4757.4,4794.9,4746.9,4790.9,1139793.0,1139.793,5437054.7087,1
2026-02-02 13:10:00,4791.0,4809.9,4781.1,4789.1,1109830.0,1109.83,5320565.0001,1
2026-02-02 13:15:00,4789.3,4798.0,4754.0,4756.3,734222.0,734.222,3503361.8439,1
2026-02-02 13:20:00,4756.4,4766.7,4737.3,4745.0,1265952.0,1265.952,6014591.8659,1
2026-02-02 13:25:00,4745.3,4759.0,4734.5,4746.5,811309.0,811.309,3850539.0336,1
2026-02-02 13:30:00,4746.4,4747.9,4711.0,4720.1,1889612.0,1889.612,8931308.9079,1
2026-02-02 13:35:00,4720.1,4724.4,4693.7,4701.2,1920902.0,1920.902,9040341.2659,1
2026-02-02 13:40:00,4701.2,4705.9,4682.9,4697.5,1321478.0,1321.478,6199401.819,1
2026-02-02 13:45:00,4697.4,4718.9,4696.2,4709.5,1189565.0,1189.565,5604069.2713,1
2026-02-02 13:50:00,4709.5,4736.7,4705.1,4731.5,998465.0,998.465,4714874.9135,1
2026-02-02 13:55:00,4731.0,4731.0,4713.4,4718.6,458380.0,458.38,2164133.5018,1
2026-02-02 14:00:00,4718.6,4739.3,4709.7,4716.5,562379.0,562.379,2657066.1102,1
2026-02-02 14:05:00,4716.5,4737.8,4716.5,4724.1,448186.0,448.186,2119130.7085,1
2026-02-02 14:10:00,4724.1,4745.9,4717.9,4734.3,821944.0,821.944,3893620.083,1
2026-02-02 14:15:00,4734.2,4737.2,4701.4,4703.5,605678.0,605.678,2860065.0348,1
2026-02-02 14:20:00,4703.4,4711.8,4688.0,4709.9,821649.0,821.649,3861505.3078,1
2026-02-02 14:25:00,4709.8,4733.0,4701.8,4727.5,759377.0,759.377,3586168.8138,1
2026-02-02 14:30:00,4727.1,4768.9,4717.3,4765.0,1731406.0,1731.406,8198698.8662,1
2026-02-02 14:35:00,4765.3,4796.9,4757.2,4785.0,1374979.0,1374.979,6570101.137,1
2026-02-02 14:40:00,4784.9,4797.6,4759.0,4760.3,1232573.0,1232.573,5889764.0622,1
2026-02-02 14:45:00,4760.4,4768.4,4734.0,4738.5,1316732.0,1316.732,6256158.398,1
2026-02-02 14:50:00,4738.4,4753.9,4726.4,4726.5,583821.0,583.821,2767814.1854,1
2026-02-02 14:55:00,4726.3,4737.5,4709.0,4728.4,1416022.0,1416.022,6681665.5788,1
2026-02-02 15:00:00,4728.4,4741.2,4698.6,4737.8,1690508.0,1690.508,7974394.3339,1
2026-02-02 15:05:00,4737.7,4747.7,4715.6,4738.4,1203016.0,1203.016,5699754.5983,1
2026-02-02 15:10:00,4738.4,4738.4,4703.2,4716.5,766702.0,766.702,3616517.7539,1
2026-02-02 15:15:00,4717.6,4732.4,4706.0,4715.3,625088.0,625.088,2950569.4223,1
2026-02-02 15:20:00,4715.4,4717.6,4695.9,4705.9,728533.0,728.533,3428830.1463,1
2026-02-02 15:25:00,4705.9,4724.3,4683.9,4691.0,840804.0,840.804,3952376.1239,1
2026-02-02 15:30:00,4691.4,4701.3,4662.0,4698.1,2242171.0,2242.171,10484777.2164,1
2026-02-02 15:35:00,4698.1,4717.0,4690.5,4717.0,1136463.0,1136.463,5341547.142,1
2026-02-02 15:40:00,4717.0,4719.1,4684.2,4691.3,576317.0,576.317,2708896.4914,1
2026-02-02 15:45:00,4691.4,4692.8,4665.3,4677.9,779860.0,779.86,3646490.5053,1
2026-02-02 15:50:00,4677.7,4679.6,4644.4,4658.1,1079405.0,1079.405,5031171.0145,1
2026-02-02 15:55:00,4658.2,4660.0,4633.0,4634.4,1344484.0,1344.484,6243036.1251,1
2026-02-02 16:00:00,4634.5,4660.0,4613.4,4657.4,2934828.0,2934.828,13594377.0916,1
2026-02-02 16:05:00,4657.5,4692.2,4654.8,4687.5,1462513.0,1462.513,6833663.405,1
2026-02-02 16:10:00,4687.4,4712.8,4680.0,4705.7,935470.0,935.47,4394589.9999,1
2026-02-02 16:15:00,4705.7,4708.9,4683.5,4696.7,1079207.0,1079.207,5066426.2292,1
2026-02-02 16:20:00,4696.7,4717.7,4694.3,4706.1,582246.0,582.246,2741920.2515,1
2026-02-02 16:25:00,4706.1,4706.1,4675.9,4683.5,632641.0,632.641,2965808.4017,1
2026-02-02 16:30:00,4683.4,4691.5,4658.2,4672.4,710983.0,710.983,3322032.7731,1
2026-02-02 16:35:00,4672.1,4691.0,4669.9,4689.2,615045.0,615.045,2878180.6864,1
2026-02-02 16:40:00,4689.3,4700.9,4681.6,4681.7,524278.0,524.278,2460911.7156,1
2026-02-02 16:45:00,4681.6,4682.1,4665.3,4670.3,394690.0,394.69,1844514.3097,1
2026-02-02 16:50:00,4670.4,4680.3,4663.2,4680.0,385758.0,385.758,1802093.0569,1
2026-02-02 16:55:00,4680.0,4691.4,4674.3,4681.5,579078.0,579.078,2712613.5897,1
2026-02-02 17:00:00,4681.4,4696.6,4676.5,4690.4,446671.0,446.671,2094535.0369,1
2026-02-02 17:05:00,4690.3,4726.6,4685.6,4725.5,1039755.0,1039.755,4902156.9614,1
2026-02-02 17:10:00,4725.4,4725.4,4708.7,4719.2,318438.0,318.438,1502220.4647,1
2026-02-02 17:15:00,4719.1,4723.8,4685.3,4690.6,621760.0,621.76,2922552.0718,1
2026-02-02 17:20:00,4690.6,4694.0,4678.3,4683.8,340836.0,340.836,1597048.4205,1
2026-02-02 17:25:00,4683.7,4687.4,4671.4,4677.0,229316.0,229.316,1072865.0704,1
2026-02-02 17:30:00,4676.9,4699.6,4668.1,4688.3,716962.0,716.962,3362060.7929,1
2026-02-02 17:35:00,4688.0,4691.9,4676.2,4682.6,177423.0,177.423,830939.331,1
2026-02-02 17:40:00,4682.3,4691.0,4677.0,4687.5,195284.0,195.284,914905.2611,1
2026-02-02 17:45:00,4687.5,4692.8,4677.6,4692.8,180635.0,180.635,845663.4052,1
2026-02-02 17:50:00,4692.8,4698.3,4685.0,4685.6,220112.0,220.112,1032741.9942,1
2026-02-02 17:55:00,4685.7,4698.3,4684.9,4686.0,142292.0,142.292,667750.4006,1
2026-02-02 18:00:00,4685.9,4686.0,4660.7,4664.8,264652.0,264.652,1235348.24,1
2026-02-02 18:05:00,4664.7,4676.7,4661.6,4674.8,175707.0,175.707,820692.0752,1
2026-02-02 18:10:00,4674.8,4683.1,4642.9,4646.2,938615.0,938.615,4379187.8088,1
2026-02-02 18:15:00,4646.3,4648.9,4627.5,4631.9,899217.0,899.217,4169855.0926,1
2026-02-02 18:20:00,4631.9,4650.5,4630.6,4644.5,935760.0,935.76,4340098.8842,1
2026-02-02 18:25:00,4644.5,4647.0,4630.0,4636.1,468483.0,468.483,2173189.2805,1
2026-02-02 18:30:00,4637.0,4662.5,4637.0,4661.5,278144.0,278.144,1293949.1188,1
2026-02-02 18:35:00,4661.5,4677.0,4661.3,4666.5,257952.0,257.952,1204226.4747,1
2026-02-02 18:40:00,4666.7,4674.7,4663.3,4663.3,172450.0,172.45,805130.2573,1
2026-02-02 18:45:00,4663.3,4675.8,4655.4,4673.4,229339.0,229.339,1070514.9255,1
2026-02-02 18:50:00,4673.2,4677.2,4660.7,4663.0,540363.0,540.363,2521375.3578,1
2026-02-02 18:55:00,4663.0,4672.6,4657.8,4670.5,695969.0,695.969,3245278.5742,1
2026-02-02 19:00:00,4670.4,4670.4,4653.3,4659.7,289042.0,289.042,1346724.5708,1
2026-02-02 19:05:00,4659.7,4668.3,4651.7,4656.7,232087.0,232.087,1082001.3799,1
2026-02-02 19:10:00,4656.7,4674.8,4656.7,4660.6,254346.0,254.346,1187031.4395,1
2026-02-02 19:15:00,4660.5,4663.3,4646.8,4646.8,216403.0,216.403,1007510.6215,1
2026-02-02 19:20:00,4646.8,4662.3,4643.0,4662.3,256646.0,256.646,1193422.0383,1
2026-02-02 19:25:00,4662.4,4664.7,4654.1,4657.2,141829.0,141.829,660818.5909,1
2026-02-02 19:30:00,4657.0,4671.3,4650.7,4663.8,296987.0,296.987,1384700.2041,1
2026-02-02 19:35:00,4663.7,4677.5,4662.8,4673.8,191571.0,191.571,894644.0708,1
2026-02-02 19:40:00,4673.7,4709.5,4673.5,4703.6,577504.0,577.504,2711521.5761,1
2026-02-02 19:45:00,4703.7,4717.0,4702.1,4713.5,394824.0,394.824,1859932.7591,1
2026-02-02 19:50:00,4713.8,4720.2,4694.3,4699.6,372302.0,372.302,1751896.1781,1
2026-02-02 19:55:00,4699.6,4701.9,4688.0,4695.5,263548.0,263.548,1236968.1341,1
2026-02-02 20:00:00,4695.5,4702.8,4684.3,4686.7,224428.0,224.428,1053423.73,1
2026-02-02 20:05:00,4686.6,4706.9,4681.0,4702.6,227992.0,227.992,1070060.6846,1
2026-02-02 20:10:00,4702.9,4710.0,4696.2,4701.9,259874.0,259.874,1221891.0669,1
2026-02-02 20:15:00,4701.8,4701.8,4683.7,4684.8,579985.0,579.985,2721825.3322,1
2026-02-02 20:20:00,4685.0,4686.2,4659.7,4668.1,717796.0,717.796,3351977.4484,1
2026-02-02 20:25:00,4668.1,4683.7,4664.0,4681.6,354796.0,354.796,1659169.1342,1
2026-02-02 20:30:00,4682.1,4683.2,4669.9,4677.3,126259.0,126.259,590224.654,1
2026-02-02 20:35:00,4677.3,4687.3,4674.1,4680.0,154621.0,154.621,723588.7021,1
2026-02-02 20:40:00,4680.0,4702.8,4678.3,4692.0,353373.0,353.373,1658576.305,1
2026-02-02 20:45:00,4692.0,4692.0,4676.0,4680.5,181831.0,181.831,851621.2137,1
2026-02-02 20:50:00,4680.5,4688.5,4674.9,4676.1,198509.0,198.509,929580.3801,1
2026-02-02 20:55:00,4676.6,4689.5,4662.0,4667.4,297114.0,297.114,1389535.4626,1
2026-02-02 21:00:00,4666.9,4679.7,4659.9,4670.7,243255.0,243.255,1135760.0594,1
2026-02-02 21:05:00,4670.7,4679.0,4668.2,4678.4,163146.0,163.146,762342.8449,1
2026-02-02 21:10:00,4678.3,4691.0,4676.4,4688.7,204484.0,204.484,958245.2708,1
2026-02-02 21:15:00,4688.2,4692.4,4682.3,4682.6,134027.0,134.027,628347.8165,1
2026-02-02 21:20:00,4682.6,4686.8,4673.8,4686.8,137092.0,137.092,641555.3595,1
2026-02-02 21:25:00,4686.8,4698.8,4686.8,4693.6,199541.0,199.541,936396.8574,1
2026-02-02 21:30:00,4694.1,4698.3,4684.4,4684.4,130020.0,130.02,609752.6755,1
2026-02-02 21:35:00,4684.5,4694.8,4684.5,4693.4,73123.0,73.123,343064.6051,1
2026-02-02 21:40:00,4693.4,4695.2,4683.1,4683.1,137301.0,137.301,643671.2933,1
2026-02-02 21:45:00,4683.0,4687.1,4679.1,4681.1,124859.0,124.859,584758.6677,1
2026-02-02 21:50:00,4681.0,4682.5,4664.2,4679.9,347524.0,347.524,1624050.78,1
2026-02-02 21:55:00,4679.8,4679.9,4668.6,4675.9,174522.0,174.522,815478.7755,1
2026-02-02 22:00:00,4676.0,4682.7,4674.0,4674.0,199768.0,199.768,934607.8506,1
2026-02-02 22:05:00,4674.1,4681.8,4672.5,4675.6,114679.0,114.679,536373.1789,1
2026-02-02 22:10:00,4675.5,4682.0,4672.2,4678.0,87021.0,87.021,407051.7389,1
2026-02-02 22:15:00,4678.0,4682.9,4674.9,4681.3,83393.0,83.393,390160.6092,1
2026-02-02 22:20:00,4681.3,4688.9,4681.3,4683.0,138703.0,138.703,649885.4263,1
2026-02-02 22:25:00,4683.1,4684.8,4681.5,4681.5,62446.0,62.446,292440.6466,1
2026-02-02 22:30:00,4681.5,4683.5,4681.0,4681.2,29635.0,29.635,138764.4108,1
2026-02-02 22:35:00,4681.1,4685.3,4680.4,4684.3,52134.0,52.134,244133.7709,1
2026-02-02 22:40:00,4684.2,4688.5,4683.0,4684.0,77062.0,77.062,361072.5181,1
2026-02-02 22:45:00,4684.0,4685.8,4680.1,4680.7,68213.0,68.213,319451.6208,1
2026-02-02 22:50:00,4680.7,4683.4,4679.0,4679.3,50530.0,50.53,236562.9618,1
2026-02-02 22:55:00,4679.4,4685.8,4678.5,4684.7,122267.0,122.267,572367.1589,1
2026-02-02 23:00:00,4684.8,4721.4,4683.1,4708.5,983183.0,983.183,4625856.6207,1
2026-02-02 23:05:00,4708.5,4731.3,4708.5,4724.9,748323.0,748.323,3531336.5309,1
2026-02-02 23:10:00,4724.8,4727.8,4715.5,4725.9,269746.0,269.746,1273830.4329,1
2026-02-02 23:15:00,4725.8,4747.5,4723.8,4746.7,566604.0,566.604,2684695.0533,1
2026-02-02 23:20:00,4746.8,4763.0,4738.0,4762.7,663501.0,663.501,3153186.4494,1
2026-02-02 23:25:00,4762.8,4765.9,4744.9,4745.5,470672.0,470.672,2237971.6462,1
2026-02-02 23:30:00,4745.4,4747.7,4728.2,4746.6,393875.0,393.875,1865609.2575,1
2026-02-02 23:35:00,4746.8,4756.8,4738.2,4756.8,247419.0,247.419,1174505.7835,1
2026-02-02 23:40:00,4756.8,4756.8,4738.6,4739.9,189917.0,189.917,901305.1848,1
2026-02-02 23:45:00,4739.8,4760.9,4738.5,4760.9,219000.0,219,1040313.1623,1
2026-02-02 23:50:00,4760.8,4772.9,4754.3,4767.0,502230.0,502.23,2394130.5951,1
2026-02-02 23:55:00,4766.8,4777.9,4764.5,4777.0,353066.0,353.066,1685047.4567,1
2026-02-03 00:00:00,4777.0,4797.8,4776.4,4797.2,1092243.0,1092.243,5228952.3638,1
2026-02-03 00:05:00,4797.1,4797.6,4779.0,4779.4,710781.0,710.781,3400430.5278,1
2026-02-03 00:10:00,4779.4,4788.2,4769.9,4788.2,472947.0,472.947,2259952.4298,1
2026-02-03 00:15:00,4788.3,4811.5,4788.3,4811.4,763087.0,763.087,3664209.1763,1
2026-02-03 00:20:00,4811.5,4822.3,4805.0,4817.0,811952.0,811.952,3908210.6626,1
2026-02-03 00:25:00,4816.9,4829.9,4816.7,4822.3,687795.0,687.795,3317374.8319,1
2026-02-03 00:30:00,4822.2,4829.6,4815.1,4825.7,1090169.0,1090.169,5258243.3322,1
2026-02-03 00:35:00,4825.8,4830.6,4817.0,4823.5,1256155.0,1256.155,6062496.3049,1
2026-02-03 00:40:00,4823.5,4831.7,4819.2,4825.5,664534.0,664.534,3206149.2918,1
2026-02-03 00:45:00,4825.5,4829.2,4800.8,4808.8,767429.0,767.429,3696284.1358,1
2026-02-03 00:50:00,4808.9,4815.6,4803.6,4805.1,347677.0,347.677,1672014.8139,1
2026-02-03 00:55:00,4805.1,4805.2,4777.0,4787.5,1168787.0,1168.787,5600141.1921,1
2026-02-03 01:00:00,4787.5,4818.4,4772.8,4813.5,1381087.0,1381.087,6626044.7832,1
2026-02-03 01:05:00,4813.4,4813.4,4795.0,4809.8,494849.0,494.849,2376959.832,1
2026-02-03 01:10:00,4809.8,4829.2,4808.2,4828.6,638113.0,638.113,3075087.098,1
2026-02-03 01:15:00,4828.6,4843.5,4823.8,4835.4,1928493.0,1928.493,9322657.6279,1
2026-02-03 01:20:00,4835.5,4848.6,4835.0,4841.2,680736.0,680.736,3295867.0017,1
2026-02-03 01:25:00,4841.2,4853.8,4838.2,4850.3,705344.0,705.344,3418079.1878,1
2026-02-03 01:30:00,4850.2,4853.8,4836.0,4846.6,635048.0,635.048,3076124.1473,1
2026-02-03 01:35:00,4846.6,4848.5,4827.0,4832.2,596145.0,596.145,2882379.2816,1
2026-02-03 01:40:00,4832.2,4843.0,4828.7,4841.8,406028.0,406.028,1962986.7238,1
2026-02-03 01:45:00,4841.8,4845.0,4823.0,4823.2,573764.0,573.764,2775133.747,1
2026-02-03 01:50:00,4823.2,4828.0,4813.9,4824.2,896452.0,896.452,4322370.7527,1
2026-02-03 01:55:00,4824.1,4843.0,4823.7,4837.0,300525.0,300.525,1453222.0126,1
2026-02-03 02:00:00,4837.1,4837.8,4808.2,4809.9,473313.0,473.313,2280918.4323,1
2026-02-03 02:05:00,4810.0,4822.7,4805.7,4813.2,961373.0,961.373,4628800.033,1
2026-02-03 02:10:00,4813.2,4813.5,4794.4,4803.3,1115002.0,1115.002,5356861.0145,1
2026-02-03 02:15:00,4803.3,4803.8,4777.0,4786.6,1043359.0,1043.359,4997539.0206,1
2026-02-03 02:20:00,4786.5,4800.0,4783.6,4796.4,393798.0,393.798,1887495.1409,1
2026-02-03 02:25:00,4796.3,4796.4,4766.3,4779.0,989918.0,989.918,4728501.8401,1
2026-02-03 02:30:00,4779.1,4783.0,4767.2,4780.8,1131798.0,1131.798,5404276.9872,1
2026-02-03 02:35:00,4780.7,4791.1,4769.9,4783.7,451356.0,451.356,2158781.8136,1
2026-02-03 02:40:00,4783.3,4784.9,4753.2,4757.1,1112159.0,1112.159,5299210.1908,1
2026-02-03 02:45:00,4757.0,4762.1,4746.7,4760.9,1873204.0,1873.204,8906684.7655,1
2026-02-03 02:50:00,4761.0,4776.7,4753.2,4771.3,476909.0,476.909,2271676.1049,1
2026-02-03 02:55:00,4771.3,4782.6,4767.4,4782.6,427797.0,427.797,2042999.3314,1
2026-02-03 03:00:00,4782.5,4790.8,4780.2,4787.8,612349.0,612.349,2930471.2064,1
2026-02-03 03:05:00,4787.8,4791.8,4772.6,4775.7,396462.0,396.462,1896255.1113,1
2026-02-03 03:10:00,4775.7,4775.7,4764.4,4769.4,232143.0,232.143,1107139.5891,1
2026-02-03 03:15:00,4769.4,4772.6,4761.2,4769.6,219043.0,219.043,1044088.8063,1
2026-02-03 03:20:00,4769.6,4779.0,4762.6,4765.9,248202.0,248.202,1183806.8777,1
2026-02-03 03:25:00,4765.9,4776.4,4755.8,4776.1,361609.0,361.609,1722607.8076,1
2026-02-03 03:30:00,4776.1,4791.9,4774.0,4786.4,643536.0,643.536,3080176.5438,1
2026-02-03 03:35:00,4786.4,4807.1,4784.4,4807.1,475780.0,475.78,2282509.2775,1
2026-02-03 03:40:00,4807.1,4811.8,4803.3,4807.8,615585.0,615.585,2960213.5211,1
2026-02-03 03:45:00,4807.7,4807.7,4798.3,4800.3,798817.0,798.817,3836103.359,1
2026-02-03 03:50:00,4800.4,4804.5,4792.3,4803.7,331853.0,331.853,1592805.4521,1
2026-02-03 03:55:00,4803.8,4816.4,4803.7,4814.7,487392.0,487.392,2345799.8781,1
2026-02-03 04:00:00,4814.7,4823.7,4813.2,4820.4,493570.0,493.57,2378587.3931,1
2026-02-03 04:05:00,4820.4,4827.7,4816.7,4817.2,408332.0,408.332,1968956.4833,1
2026-02-03 04:10:00,4817.3,4825.4,4816.8,4819.2,282642.0,282.642,1362818.3002,1
2026-02-03 04:15:00,4819.2,4821.4,4811.2,4817.2,155625.0,155.625,749485.4094,1
2026-02-03 04:20:00,4817.0,4820.5,4804.4,4806.3,279575.0,279.575,1346180.6962,1
2026-02-03 04:25:00,4806.4,4814.8,4805.7,4810.6,285524.0,285.524,1373930.3893,1
2026-02-03 04:30:00,4810.8,4820.0,4810.7,4818.4,202138.0,202.138,973586.3195,1
2026-02-03 04:35:00,4818.4,4830.4,4810.8,4826.7,315619.0,315.619,1522420.5805,1
2026-02-03 04:40:00,4826.8,4827.3,4820.0,4824.6,354249.0,354.249,1708792.187,1
2026-02-03 04:45:00,4824.7,4829.0,4823.8,4824.3,149799.0,149.799,722948.3557,1
2026-02-03 04:50:00,4824.2,4825.1,4820.1,4823.8,165083.0,165.083,796079.5919,1
2026-02-03 04:55:00,4823.9,4825.1,4813.7,4813.8,171430.0,171.43,826179.7272,1
2026-02-03 05:00:00,4814.0,4824.0,4814.0,4820.6,208864.0,208.864,1006766.3512,1
2026-02-03 05:05:00,4820.6,4822.2,4814.2,4821.6,213249.0,213.249,1027550.5094,1
2026-02-03 05:10:00,4821.6,4823.0,4811.5,4814.4,194983.0,194.983,938886.7684,1
2026-02-03 05:15:00,4814.4,4826.0,4814.3,4823.3,172361.0,172.361,830935.7163,1
2026-02-03 05:20:00,4823.3,4830.4,4823.3,4828.1,221740.0,221.74,1070479.7705,1
2026-02-03 05:25:00,4827.9,4844.3,4826.1,4842.8,373929.0,373.929,1808087.376,1
2026-02-03 05:30:00,4842.9,4843.0,4827.1,4834.4,424912.0,424.912,2053590.1251,1
2026-02-03 05:35:00,4834.4,4836.6,4822.4,4835.0,307355.0,307.355,1485271.9403,1
2026-02-03 05:40:00,4834.9,4839.2,4821.9,4824.9,231873.0,231.873,1120037.9956,1
2026-02-03 05:45:00,4825.0,4833.0,4817.8,4833.0,230266.0,230.266,1111041.8275,1
2026-02-03 05:50:00,4833.0,4835.3,4828.7,4829.6,147545.0,147.545,713032.7191,1
2026-02-03 05:55:00,4829.5,4833.3,4825.7,4829.3,137143.0,137.143,662412.3056,1
2026-02-03 06:00:00,4829.3,4833.1,4823.2,4825.0,224817.0,224.817,1085006.969,1
2026-02-03 06:05:00,4825.0,4831.2,4823.0,4829.9,189372.0,189.372,914219.7251,1
2026-02-03 06:10:00,4829.8,4850.0,4828.7,4845.0,546584.0,546.584,2647040.6956,1
2026-02-03 06:15:00,4845.1,4859.0,4844.5,4858.7,692212.0,692.212,3359462.0576,1
2026-02-03 06:20:00,4858.6,4863.9,4853.0,4863.5,634349.0,634.349,3082598.4549,1
2026-02-03 06:25:00,4863.6,4875.1,4862.8,4871.9,1361971.0,1361.971,6632641.6132,1
2026-02-03 06:30:00,4871.9,4876.1,4870.6,4875.7,448204.0,448.204,2184116.4408,1
2026-02-03 06:35:00,4875.6,4878.3,4871.1,4876.0,531895.0,531.895,2592817.5245,1
2026-02-03 06:40:00,4876.0,4892.8,4874.7,4889.6,1506371.0,1506.371,7361750.3017,1
2026-02-03 06:45:00,4889.6,4891.7,4874.7,4874.8,748790.0,748.79,3658340.4835,1
2026-02-03 06:50:00,4874.9,4882.3,4867.6,4873.8,1169398.0,1169.398,5700156.1342,1
2026-02-03 06:55:00,4873.9,4884.9,4873.4,4881.7,306941.0,306.941,1497505.4645,1
2026-02-03 07:00:00,4881.7,4881.7,4872.6,4880.2,242545.0,242.545,1182771.4968,1
2026-02-03 07:05:00,4880.2,4888.0,4880.1,4885.8,363297.0,363.297,1774753.0072,1
2026-02-03 07:10:00,4885.8,4894.6,4883.9,4894.6,663588.0,663.588,3244265.5447,1
2026-02-03 07:15:00,4894.6,4898.0,4883.3,4885.0,602058.0,602.058,2943524.7956,1
2026-02-03 07:20:00,4884.9,4893.8,4884.0,4892.3,315006.0,315.006,1540196.3136,1
2026-02-03 07:25:00,4892.3,4902.9,4890.3,4901.2,759709.0,759.709,3721951.2351,1
2026-02-03 07:30:00,4901.1,4920.0,4898.9,4916.6,1353065.0,1353.065,6646244.3302,1
2026-02-03 07:35:00,4916.6,4928.9,4915.6,4928.8,933483.0,933.483,4595444.5005,1
2026-02-03 07:40:00,4928.7,4930.5,4919.0,4921.0,851183.0,851.183,4192479.35,1
2026-02-03 07:45:00,4921.0,4926.6,4912.4,4920.3,640534.0,640.534,3151263.4787,1
2026-02-03 07:50:00,4920.4,4922.9,4916.0,4920.6,627538.0,627.538,3087362.943,1
2026-02-03 07:55:00,4920.7,4923.7,4911.7,4913.3,786459.0,786.459,3866731.1878,1
2026-02-03 08:00:00,4913.3,4914.1,4904.3,4908.5,973687.0,973.687,4782088.3649,1
2026-02-03 08:05:00,4908.5,4916.0,4900.7,4916.0,948437.0,948.437,4653814.2676,1
2026-02-03 08:10:00,4916.0,4927.4,4910.2,4926.2,612271.0,612.271,3012392.9832,1
2026-02-03 08:15:00,4926.1,4938.0,4925.0,4937.4,955561.0,955.561,4714471.5471,1
2026-02-03 08:20:00,4937.4,4937.4,4925.9,4932.6,711107.0,711.107,3505908.4117,1
2026-02-03 08:25:00,4932.6,4937.3,4931.2,4934.0,299520.0,299.52,1478171.3789,1
2026-02-03 08:30:00,4934.0,4935.8,4927.0,4930.1,518180.0,518.18,2554800.1946,1
2026-02-03 08:35:00,4930.0,4938.0,4929.2,4934.9,416857.0,416.857,2057217.6504,1
2026-02-03 08:40:00,4934.6,4949.9,4933.4,4936.4,950636.0,950.636,4697148.881,1
2026-02-03 08:45:00,4936.3,4939.6,4933.0,4936.2,577170.0,577.17,2848988.811,1
2026-02-03 08:50:00,4936.2,4937.7,4932.4,4934.7,322497.0,322.497,1591432.8773,1
2026-02-03 08:55:00,4934.6,4935.0,4912.8,4912.9,909880.0,909.88,4480020.5039,1
2026-02-03 09:00:00,4912.9,4925.0,4912.9,4915.9,611842.0,611.842,3008813.6955,1
2026-02-03 09:05:00,4916.0,4924.2,4916.0,4920.8,483678.0,483.678,2380144.2942,1
2026-02-03 09:10:00,4920.8,4921.7,4913.0,4917.0,541233.0,541.233,2660222.3374,1
2026-02-03 09:15:00,4916.9,4920.2,4906.8,4910.5,1317910.0,1317.91,6474842.9406,1
2026-02-03 09:20:00,4910.6,4912.0,4900.9,4904.2,613274.0,613.274,3009207.8656,1
2026-02-03 09:25:00,4904.3,4905.1,4894.6,4896.2,914183.0,914.183,4477659.4901,1
2026-02-03 09:30:00,4896.2,4905.4,4890.4,4899.7,850315.0,850.315,4164370.5263,1
2026-02-03 09:35:00,4899.7,4916.9,4898.6,4916.7,410845.0,410.845,2017834.7761,1
2026-02-03 09:40:00,4916.7,4923.9,4914.8,4923.9,349373.0,349.373,1718906.4093,1
2026-02-03 09:45:00,4923.8,4927.7,4922.5,4924.6,438045.0,438.045,2157614.9325,1
2026-02-03 09:50:00,4924.5,4924.5,4919.3,4919.4,256105.0,256.105,1260572.6159,1
2026-02-03 09:55:00,4919.4,4919.8,4912.7,4917.1,332191.0,332.191,1633087.2437,1
2026-02-03 10:00:00,4917.0,4921.1,4915.0,4919.4,224759.0,224.759,1105414.7027,1
2026-02-03 10:05:00,4919.4,4924.8,4916.8,4924.8,218966.0,218.966,1077062.4508,1
2026-02-03 10:10:00,4924.9,4932.3,4923.6,4925.6,363751.0,363.751,1792569.7007,1
2026-02-03 10:15:00,4925.6,4925.7,4916.1,4917.0,246768.0,246.768,1213842.6564,1
2026-02-03 10:20:00,4917.0,4920.6,4915.8,4917.6,143433.0,143.433,705352.9346,1
2026-02-03 10:25:00,4917.6,4921.6,4917.1,4917.3,192818.0,192.818,948415.0149,1
2026-02-03 10:30:00,4917.3,4923.1,4917.3,4920.4,268547.0,268.547,1321545.775,1
2026-02-03 10:35:00,4920.3,4920.4,4915.1,4915.9,162847.0,162.847,800767.051,1
2026-02-03 10:40:00,4915.9,4920.1,4914.6,4920.1,106414.0,106.414,523223.0733,1
2026-02-03 10:45:00,4920.0,4923.0,4916.2,4918.9,222542.0,222.542,1094864.6815,1
2026-02-03 10:50:00,4918.9,4918.9,4913.1,4914.7,313058.0,313.058,1538916.3251,1
2026-02-03 10:55:00,4914.8,4917.0,4901.6,4901.6,450146.0,450.146,2209332.6512,1
2026-02-03 11:00:00,4901.7,4904.9,4891.1,4904.9,730562.0,730.562,3577096.2476,1
2026-02-03 11:05:00,4904.9,4914.9,4904.9,4908.5,325139.0,325.139,1596688.8831,1
2026-02-03 11:10:00,4908.5,4911.3,4907.1,4908.2,165316.0,165.316,811527.2665,1
2026-02-03 11:15:00,4908.1,4909.9,4900.4,4901.5,239762.0,239.762,1175858.3501,1
2026-02-03 11:20:00,4901.5,4901.6,4881.9,4884.8,582434.0,582.434,2849210.1244,1
2026-02-03 11:25:00,4884.8,4905.3,4884.8,4901.9,375147.0,375.147,1837555.7528,1
2026-02-03 11:30:00,4902.0,4916.3,4897.7,4914.9,569348.0,569.348,2793430.809,1
2026-02-03 11:35:00,4915.0,4920.9,4912.6,4917.3,215406.0,215.406,1059193.6048,1
2026-02-03 11:40:00,4917.2,4918.8,4911.7,4912.5,154213.0,154.213,757982.9674,1
2026-02-03 11:45:00,4912.5,4917.5,4908.9,4909.5,113284.0,113.284,556514.1738,1
2026-02-03 11:50:00,4909.5,4911.0,4900.0,4905.1,329378.0,329.378,1615930.2707,1
2026-02-03 11:55:00,4905.1,4919.8,4905.0,4919.7,239151.0,239.151,1175185.0386,1
2026-02-03 12:00:00,4919.7,4938.6,4915.4,4936.0,1027612.0,1027.612,5068507.2565,1
2026-02-03 12:05:00,4936.0,4937.4,4928.4,4931.0,353992.0,353.992,1746152.4497,1
2026-02-03 12:10:00,4931.0,4933.1,4928.0,4929.0,267941.0,267.941,1321204.2028,1
2026-02-03 12:15:00,4928.9,4929.6,4915.1,4916.6,381075.0,381.075,1875754.1293,1
2026-02-03 12:20:00,4916.5,4916.6,4903.0,4903.1,380033.0,380.033,1865469.5353,1
2026-02-03 12:25:00,4903.1,4911.5,4898.3,4909.5,1109222.0,1109.222,5439886.932,1
2026-02-03 12:30:00,4909.4,4922.2,4907.6,4922.1,226673.0,226.673,1114000.4036,1
2026-02-03 12:35:00,4922.1,4922.1,4916.8,4916.9,232036.0,232.036,1141494.9397,1
2026-02-03 12:40:00,4916.9,4922.6,4916.8,4916.8,163325.0,163.325,803475.3695,1
2026-02-03 12:45:00,4916.9,4922.0,4916.8,4918.3,133672.0,133.672,657695.7329,1
2026-02-03 12:50:00,4918.3,4923.7,4914.0,4916.2,232918.0,232.918,1145797.4895,1
2026-02-03 12:55:00,4916.2,4923.4,4916.1,4920.0,126971.0,126.971,624674.0992,1
2026-02-03 13:00:00,4920.1,4925.5,4908.2,4925.5,558070.0,558.07,2744959.9591,1
2026-02-03 13:05:00,4925.6,4934.5,4925.6,4932.1,532260.0,532.26,2624873.2852,1
2026-02-03 13:10:00,4932.1,4932.4,4922.3,4932.1,340378.0,340.378,1677683.6204,1
2026-02-03 13:15:00,4932.2,4932.7,4924.7,4925.4,382276.0,382.276,1884138.3496,1
2026-02-03 13:20:00,4925.2,4931.0,4924.7,4928.4,209469.0,209.469,1032387.8695,1
2026-02-03 13:25:00,4928.4,4944.0,4928.3,4940.8,751583.0,751.583,3709255.8167,1
2026-02-03 13:30:00,4940.9,4944.8,4937.5,4942.7,320822.0,320.822,1585384.2975,1
2026-02-03 13:35:00,4942.7,4944.8,4937.5,4938.2,388524.0,388.524,1919421.4979,1
2026-02-03 13:40:00,4938.2,4958.4,4938.2,4954.2,1053138.0,1053.138,5214592.8036,1
2026-02-03 13:45:00,4954.1,4966.0,4954.1,4957.4,1530072.0,1530.072,7589477.3901,1
2026-02-03 13:50:00,4957.5,4959.0,4933.4,4937.8,720256.0,720.256,3560905.4161,1
2026-02-03 13:55:00,4937.8,4945.0,4933.5,4942.6,339294.0,339.294,1676470.7389,1
2026-02-03 14:00:00,4942.6,4945.7,4928.2,4931.0,508574.0,508.574,2509400.009,1
2026-02-03 14:05:00,4931.0,4935.2,4928.0,4935.2,310180.0,310.18,1529555.1757,1
2026-02-03 14:10:00,4935.2,4935.9,4929.2,4931.4,214977.0,214.977,1060408.6348,1
2026-02-03 14:15:00,4931.3,4931.3,4906.2,4924.9,973287.0,973.287,4787069.0871,1
2026-02-03 14:20:00,4924.9,4925.0,4911.4,4918.3,661901.0,661.901,3252892.2749,1
2026-02-03 14:25:00,4918.3,4933.0,4917.5,4932.5,434316.0,434.316,2139246.1877,1
2026-02-03 14:30:00,4932.6,4935.3,4907.9,4912.4,1330794.0,1330.794,6547044.6562,1
2026-02-03 14:35:00,4912.3,4927.5,4905.0,4926.0,704266.0,704.266,3462091.89,1
2026-02-03 14:40:00,4926.0,4932.0,4922.9,4927.8,448728.0,448.728,2211552.5419,1
2026-02-03 14:45:00,4927.8,4932.0,4920.0,4931.9,532111.0,532.111,2621905.3436,1
2026-02-03 14:50:00,4931.9,4936.7,4928.4,4935.7,488604.0,488.604,2410055.5744,1
2026-02-03 14:55:00,4935.6,4935.6,4921.7,4923.9,570982.0,570.982,2814373.6034,1
2026-02-03 15:00:00,4923.9,4929.0,4912.8,4925.5,825139.0,825.139,4062239.8663,1
2026-02-03 15:05:00,4925.4,4944.3,4924.4,4942.0,523181.0,523.181,2580957.9668,1
2026-02-03 15:10:00,4942.0,4951.6,4937.8,4938.7,663552.0,663.552,3282346.1448,1
2026-02-03 15:15:00,4938.9,4942.0,4936.8,4940.1,78699.0,78.699,388759.0693,0
