,close,open,high,low
2015-01-05,2.365,2.327,2.395,2.304
2015-01-06,2.338,2.345,2.391,2.31
2015-01-07,2.334,2.322,2.365,2.307
2015-01-08,2.271,2.344,2.354,2.264
2015-01-09,2.276,2.264,2.385,2.251
2015-01-12,2.255,2.303,2.304,2.217
2015-01-13,2.241,2.255,2.276,2.229
2015-01-14,2.249,2.25,2.282,2.224
2015-01-15,2.332,2.249,2.336,2.232
2015-01-16,2.349,2.343,2.376,2.328
2015-01-19,2.114,2.192,2.223,2.114
2015-01-20,2.129,2.111,2.165,2.089
2015-01-21,2.258,2.152,2.27,2.139
2015-01-22,2.254,2.264,2.268,2.221
2015-01-23,2.276,2.267,2.317,2.254
2015-01-26,2.272,2.283,2.283,2.241
2015-01-27,2.235,2.281,2.284,2.197
2015-01-28,2.202,2.212,2.248,2.196
2015-01-29,2.165,2.167,2.184,2.146
2015-01-30,2.135,2.178,2.194,2.127
2015-02-02,2.074,2.075,2.112,2.068
2015-02-03,2.135,2.101,2.145,2.074
2015-02-04,2.105,2.142,2.168,2.102
2015-02-05,2.089,2.183,2.188,2.086
2015-02-06,2.066,2.084,2.104,2.047
2015-02-09,2.102,2.066,2.128,2.056
2015-02-10,2.137,2.102,2.141,2.093
2015-02-11,2.147,2.138,2.154,2.128
2015-02-12,2.15,2.146,2.156,2.12
2015-02-13,2.156,2.156,2.191,2.148
2015-02-16,2.159,2.156,2.167,2.146
2015-02-17,2.175,2.166,2.191,2.166
2015-02-25,2.138,2.175,2.175,2.128
2015-02-26,2.21,2.136,2.212,2.118
2015-02-27,2.199,2.207,2.223,2.19
2015-03-02,2.202,2.215,2.219,2.186
2015-03-03,2.132,2.189,2.189,2.129
2015-03-04,2.13,2.136,2.147,2.112
2015-03-05,2.105,2.115,2.12,2.085
2015-03-06,2.11,2.106,2.129,2.104
2015-03-09,2.162,2.074,2.174,2.065
2015-03-10,2.128,2.147,2.155,2.124
2015-03-11,2.141,2.131,2.174,2.13
2015-03-12,2.208,2.168,2.23,2.154
2015-03-13,2.214,2.217,2.25,2.201
2015-03-16,2.264,2.23,2.267,2.211
2015-03-17,2.294,2.288,2.299,2.272
2015-03-18,2.355,2.3,2.358,2.3
2015-03-19,2.333,2.349,2.354,2.322
2015-03-20,2.377,2.344,2.406,2.323
2015-03-23,2.414,2.396,2.42,2.387
2015-03-24,2.379,2.414,2.415,2.352
2015-03-25,2.349,2.372,2.389,2.329
2015-03-26,2.384,2.336,2.411,2.324
2015-03-27,2.389,2.39,2.411,2.364
2015-03-30,2.471,2.412,2.482,2.4
2015-03-31,2.442,2.51,2.539,2.435
2015-04-01,2.483,2.447,2.496,2.444
2015-04-02,2.47,2.507,2.511,2.439
2015-04-03,2.501,2.459,2.504,2.457
2015-04-07,2.563,2.524,2.568,2.515
2015-04-08,2.614,2.575,2.625,2.552
2015-04-09,2.595,2.625,2.686,2.586
2015-04-10,2.648,2.596,2.659,2.586
2015-04-13,2.698,2.697,2.714,2.674
2015-04-14,2.705,2.698,2.727,2.675
2015-04-15,2.716,2.705,2.776,2.694
2015-04-16,2.837,2.727,2.838,2.69
2015-04-17,2.873,2.922,2.928,2.847
2015-04-20,2.799,2.889,2.915,2.787
2015-04-21,2.833,2.805,2.841,2.777
2015-04-22,2.923,2.86,2.929,2.838
2015-04-23,2.897,2.931,2.937,2.873
2015-04-24,2.86,2.861,2.879,2.799
2015-04-27,2.936,2.889,2.94,2.882
2015-04-28,2.911,2.931,2.983,2.885
2015-04-29,2.904,2.904,2.928,2.874
2015-04-30,2.884,2.918,2.93,2.883
2015-05-04,2.896,2.886,2.901,2.841
2015-05-05,2.792,2.894,2.896,2.781
2015-05-06,2.781,2.805,2.875,2.754
2015-05-07,2.746,2.778,2.787,2.742
2015-05-08,2.755,2.77,2.776,2.698
2015-05-11,2.805,2.755,2.81,2.724
2015-05-12,2.822,2.799,2.835,2.777
2015-05-13,2.782,2.822,2.828,2.766
2015-05-14,2.772,2.775,2.795,2.755
2015-05-15,2.711,2.772,2.772,2.701
2015-05-18,2.657,2.688,2.705,2.656
2015-05-19,2.765,2.657,2.772,2.652
2015-05-20,2.765,2.782,2.82,2.752
2015-05-21,2.8,2.786,2.809,2.764
2015-05-22,2.885,2.831,2.887,2.812
2015-05-25,2.979,2.92,2.982,2.901
2015-05-26,2.994,3.002,3.019,2.941
2015-05-27,2.963,3.007,3.022,2.946
2015-05-28,2.777,2.963,2.976,2.751
2015-05-29,2.765,2.779,2.809,2.702
2015-06-01,2.884,2.765,2.895,2.734
2015-06-02,2.894,2.881,2.903,2.84
2015-06-03,2.878,2.891,2.898,2.838
2015-06-04,2.939,2.878,2.956,2.751
2015-06-05,2.935,3.012,3.021,2.875
2015-06-08,3.091,2.958,3.11,2.937
2015-06-09,3.031,3.12,3.125,3.0
2015-06-10,2.994,2.991,3.044,2.968
2015-06-11,2.976,3.007,3.017,2.949
2015-06-12,2.988,2.997,3.011,2.949
2015-06-15,2.901,3.007,3.021,2.895
2015-06-16,2.839,2.885,2.921,2.806
2015-06-17,2.864,2.85,2.877,2.809
2015-06-18,2.744,2.847,2.847,2.733
2015-06-19,2.592,2.728,2.742,2.584
2015-06-23,2.684,2.609,2.696,2.525
2015-06-24,2.722,2.697,2.733,2.634
2015-06-25,2.633,2.749,2.76,2.621
2015-06-26,2.423,2.579,2.644,2.377
2015-06-29,2.399,2.5,2.524,2.238
2015-06-30,2.571,2.399,2.575,2.346
2015-07-01,2.46,2.534,2.57,2.425
2015-07-02,2.421,2.516,2.519,2.327
2015-07-03,2.326,2.396,2.46,2.255
2015-07-06,2.473,2.559,2.559,2.377
2015-07-07,2.516,2.419,2.543,2.351
2015-07-08,2.349,2.345,2.487,2.265
2015-07-09,2.518,2.281,2.576,2.234
2015-07-10,2.62,2.468,2.715,2.444
2015-07-13,2.581,2.561,2.66,2.521
2015-07-14,2.491,2.53,2.561,2.45
2015-07-15,2.479,2.463,2.505,2.404
2015-07-16,2.471,2.48,2.506,2.435
2015-07-17,2.528,2.486,2.557,2.455
2015-07-20,2.505,2.52,2.536,2.488
2015-07-21,2.497,2.463,2.525,2.463
2015-07-22,2.469,2.485,2.498,2.453
2015-07-23,2.52,2.469,2.522,2.469
2015-07-24,2.476,2.517,2.53,2.466
2015-07-27,2.249,2.454,2.455,2.246
2015-07-28,2.24,2.204,2.283,2.17
2015-07-29,2.285,2.255,2.291,2.221
2015-07-30,2.227,2.276,2.298,2.219
2015-07-31,2.221,2.219,2.251,2.197
2015-08-03,2.235,2.201,2.236,2.183
2015-08-04,2.291,2.244,2.293,2.225
2015-08-05,2.247,2.281,2.286,2.245
2015-08-06,2.229,2.224,2.262,2.211
2015-08-07,2.258,2.248,2.275,2.237
2015-08-10,2.359,2.275,2.372,2.268
2015-08-11,2.336,2.361,2.362,2.324
2015-08-12,2.313,2.316,2.345,2.305
2015-08-13,2.323,2.31,2.331,2.276
2015-08-14,2.322,2.331,2.337,2.313
2015-08-17,2.298,2.309,2.31,2.276
2015-08-18,2.174,2.3,2.319,2.156
2015-08-19,2.189,2.162,2.201,2.1
2015-08-20,2.129,2.166,2.183,2.129
2015-08-21,2.051,2.104,2.13,2.045
2015-08-24,1.846,1.999,1.999,1.846
2015-08-25,1.701,1.752,1.849,1.686
2015-08-26,1.755,1.749,1.835,1.695
2015-08-27,1.903,1.802,1.912,1.77
2015-08-28,1.955,1.93,1.961,1.891
2015-08-31,1.992,1.927,1.996,1.872
2015-09-01,2.009,1.941,2.024,1.897
2015-09-02,2.017,1.935,2.027,1.932
2015-09-07,1.93,1.999,2.034,1.924
2015-09-08,1.963,1.912,1.973,1.881
2015-09-09,1.992,1.982,2.009,1.964
2015-09-10,1.99,1.968,2.001,1.964
2015-09-11,1.978,1.989,2.002,1.97
2015-09-14,2.005,1.993,2.007,1.914
2015-09-15,1.954,1.966,1.974,1.936
2015-09-16,2.022,1.956,2.061,1.933
2015-09-17,1.982,2.004,2.037,1.981
2015-09-18,1.982,1.993,2.007,1.976
2015-09-21,1.995,1.975,2.003,1.964
2015-09-22,2.018,1.993,2.037,1.993
2015-09-23,1.966,1.979,2.002,1.963
2015-09-24,1.973,1.977,1.983,1.959
2015-09-25,1.958,1.97,1.973,1.935
2015-09-28,1.961,1.955,1.966,1.936
2015-09-29,1.918,1.941,1.943,1.911
2015-09-30,1.936,1.929,1.956,1.928
2015-10-08,1.981,2.021,2.023,1.978
2015-10-09,2.003,1.989,2.009,1.982
2015-10-12,2.064,2.016,2.09,2.008
2015-10-13,2.055,2.045,2.061,2.044
2015-10-14,2.037,2.041,2.064,2.035
2015-10-15,2.078,2.039,2.081,2.033
2015-10-16,2.094,2.083,2.104,2.08
2015-10-19,2.092,2.095,2.115,2.073
2015-10-20,2.111,2.086,2.113,2.074
2015-10-21,2.092,2.108,2.136,2.048
2015-10-22,2.104,2.097,2.109,2.074
2015-10-23,2.12,2.108,2.124,2.092
2015-10-26,2.12,2.147,2.151,2.102
2015-10-27,2.118,2.109,2.129,2.077
2015-10-28,2.082,2.109,2.111,2.079
2015-10-29,2.084,2.085,2.096,2.07
2015-10-30,2.083,2.079,2.107,2.073
2015-11-02,2.059,2.066,2.087,2.057
2015-11-03,2.049,2.064,2.072,2.042
2015-11-04,2.152,2.054,2.155,2.054
2015-11-05,2.205,2.142,2.268,2.137
2015-11-06,2.254,2.202,2.26,2.184
2015-11-09,2.284,2.255,2.335,2.252
2015-11-10,2.274,2.265,2.304,2.255
2015-11-11,2.258,2.27,2.274,2.226
2015-11-12,2.228,2.264,2.269,2.22
2015-11-13,2.204,2.21,2.234,2.199
2015-11-16,2.209,2.168,2.213,2.167
2015-11-17,2.21,2.219,2.266,2.205
2015-11-18,2.199,2.211,2.228,2.193
2015-11-19,2.229,2.202,2.232,2.195
2015-11-20,2.218,2.227,2.237,2.212
2015-11-23,2.21,2.217,2.238,2.183
2015-11-24,2.204,2.205,2.205,2.18
2015-11-25,2.213,2.196,2.218,2.185
2015-11-26,2.207,2.228,2.235,2.203
2015-11-27,2.091,2.196,2.2,2.071
2015-11-30,2.101,2.098,2.115,2.061
2015-12-01,2.11,2.101,2.135,2.083
2015-12-02,2.221,2.106,2.226,2.103
2015-12-03,2.219,2.212,2.233,2.184
2015-12-04,2.163,2.195,2.203,2.153
2015-12-07,2.156,2.162,2.175,2.143
2015-12-08,2.134,2.142,2.156,2.12
2015-12-09,2.137,2.129,2.152,2.122
2015-12-10,2.124,2.139,2.169,2.117
2015-12-11,2.114,2.112,2.127,2.093
2015-12-14,2.178,2.095,2.183,2.092
2015-12-15,2.148,2.167,2.173,2.137
2015-12-16,2.139,2.152,2.159,2.134
2015-12-17,2.166,2.15,2.187,2.149
2015-12-18,2.184,2.161,2.217,2.158
2015-12-21,2.254,2.171,2.265,2.169
2015-12-22,2.246,2.251,2.258,2.23
2015-12-23,2.254,2.246,2.295,2.241
2015-12-24,2.235,2.251,2.254,2.21
2015-12-25,2.242,2.237,2.248,2.228
2015-12-28,2.175,2.243,2.25,2.172
2015-12-29,2.193,2.175,2.195,2.17
2015-12-30,2.186,2.194,2.195,2.16
2015-12-31,2.179,2.181,2.195,2.169
2016-01-04,2.055,2.175,2.176,2.048
2016-01-05,2.062,2.038,2.084,2.011
2016-01-06,2.09,2.065,2.092,2.052
2016-01-07,1.963,2.062,2.062,1.953
2016-01-08,2.001,2.017,2.037,1.945
2016-01-11,1.917,1.966,1.988,1.915
2016-01-12,1.922,1.93,1.944,1.909
2016-01-13,1.905,1.942,1.953,1.903
2016-01-14,1.922,1.871,1.929,1.858
2016-01-15,1.867,1.912,1.922,1.858
2016-01-18,1.867,1.84,1.89,1.837
2016-01-19,1.921,1.867,1.932,1.859
2016-01-20,1.886,1.909,1.917,1.869
2016-01-21,1.843,1.871,1.909,1.84
2016-01-22,1.864,1.862,1.875,1.832
2016-01-25,1.862,1.867,1.874,1.853
2016-01-26,1.766,1.851,1.854,1.759
2016-01-27,1.765,1.772,1.781,1.73
2016-01-28,1.727,1.752,1.775,1.719
2016-01-29,1.781,1.73,1.799,1.73
2016-02-01,1.752,1.78,1.783,1.736
2016-02-02,1.781,1.752,1.789,1.749
2016-02-03,1.761,1.763,1.77,1.743
2016-02-04,1.784,1.771,1.79,1.768
2016-02-05,1.775,1.783,1.788,1.772
2016-02-15,1.758,1.736,1.767,1.731
2016-02-16,1.805,1.764,1.809,1.763
2016-02-17,1.816,1.803,1.823,1.799
2016-02-18,1.814,1.825,1.835,1.811
2016-02-19,1.809,1.811,1.818,1.798
2016-02-22,1.853,1.825,1.862,1.817
2016-02-23,1.831,1.851,1.852,1.818
2016-02-24,1.839,1.825,1.843,1.812
2016-02-25,1.746,1.834,1.836,1.726
2016-02-26,1.764,1.755,1.773,1.741
2016-02-29,1.747,1.756,1.763,1.705
2016-03-01,1.778,1.75,1.796,1.74
2016-03-02,1.848,1.78,1.854,1.78
2016-03-03,1.852,1.844,1.859,1.835
2016-03-04,1.914,1.845,1.921,1.84
2016-03-07,1.904,1.912,1.93,1.89
2016-03-08,1.908,1.898,1.909,1.835
2016-03-09,1.9,1.869,1.903,1.851
2016-03-10,1.857,1.88,1.899,1.853
2016-03-11,1.863,1.842,1.868,1.839
2016-03-14,1.872,1.877,1.912,1.869
2016-03-15,1.892,1.871,1.898,1.853
2016-03-16,1.926,1.881,1.931,1.878
2016-03-17,1.923,1.922,1.947,1.904
2016-03-18,1.93,1.926,1.954,1.922
2016-03-21,1.977,1.948,1.998,1.943
2016-03-22,1.956,1.971,1.978,1.953
2016-03-23,1.958,1.952,1.972,1.943
2016-03-24,1.93,1.949,1.949,1.927
2016-03-25,1.935,1.928,1.945,1.926
2016-03-28,1.913,1.941,1.955,1.909
2016-03-29,1.898,1.917,1.927,1.892
2016-03-30,1.946,1.913,1.95,1.913
2016-03-31,1.945,1.952,1.958,1.936
2016-04-01,1.953,1.941,1.954,1.908
2016-04-05,1.962,1.941,1.974,1.936
2016-04-06,1.953,1.955,1.962,1.945
2016-04-07,1.929,1.957,1.963,1.927
2016-04-08,1.916,1.919,1.925,1.905
2016-04-11,1.934,1.929,1.954,1.929
2016-04-12,1.932,1.934,1.938,1.924
2016-04-13,1.955,1.943,1.982,1.943
2016-04-14,1.961,1.965,1.975,1.952
2016-04-15,1.964,1.964,1.972,1.957
2016-04-18,1.943,1.951,1.958,1.939
2016-04-19,1.949,1.954,1.957,1.942
2016-04-20,1.937,1.952,1.956,1.888
2016-04-21,1.936,1.925,1.956,1.92
2016-04-22,1.945,1.924,1.947,1.913
2016-04-25,1.935,1.938,1.943,1.912
2016-04-26,1.941,1.933,1.951,1.927
2016-04-27,1.934,1.942,1.945,1.93
2016-04-28,1.932,1.935,1.943,1.922
2016-04-29,1.926,1.924,1.934,1.923
2016-05-03,1.947,1.927,1.955,1.918
2016-05-04,1.942,1.941,1.946,1.935
2016-05-05,1.94,1.935,1.941,1.933
2016-05-06,1.897,1.94,1.942,1.894
2016-05-09,1.868,1.891,1.895,1.862
2016-05-10,1.867,1.864,1.879,1.862
2016-05-11,1.873,1.872,1.885,1.864
2016-05-12,1.879,1.866,1.884,1.854
2016-05-13,1.875,1.867,1.884,1.867
2016-05-16,1.877,1.865,1.881,1.86
2016-05-17,1.873,1.878,1.882,1.866
2016-05-18,1.874,1.867,1.879,1.851
2016-05-19,1.869,1.868,1.881,1.866
2016-05-20,1.879,1.862,1.88,1.862
2016-05-23,1.88,1.88,1.893,1.875
2016-05-24,1.866,1.877,1.877,1.863
2016-05-25,1.871,1.872,1.881,1.868
2016-05-26,1.871,1.872,1.881,1.86
2016-05-27,1.874,1.871,1.88,1.867
2016-05-30,1.884,1.872,1.889,1.862
2016-05-31,1.948,1.886,1.949,1.886
2016-06-01,1.932,1.948,1.95,1.932
2016-06-02,1.93,1.93,1.938,1.922
2016-06-03,1.943,1.932,1.946,1.927
2016-06-06,1.931,1.943,1.946,1.927
2016-06-07,1.933,1.935,1.939,1.93
2016-06-08,1.929,1.933,1.936,1.921
2016-06-13,1.883,1.915,1.917,1.882
2016-06-14,1.895,1.882,1.898,1.881
2016-06-15,1.902,1.876,1.914,1.873
2016-06-16,1.896,1.894,1.903,1.891
2016-06-17,1.902,1.9,1.917,1.899
2016-06-20,1.907,1.908,1.91,1.896
2016-06-21,1.905,1.911,1.931,1.903
2016-06-22,1.916,1.903,1.917,1.899
2016-06-23,1.908,1.917,1.918,1.9
2016-06-24,1.885,1.906,1.918,1.865
2016-06-27,1.904,1.885,1.905,1.882
2016-06-28,1.909,1.899,1.911,1.892
2016-06-29,1.926,1.911,1.928,1.911
2016-06-30,1.927,1.93,1.936,1.927
2016-07-01,1.932,1.932,1.938,1.931
2016-07-04,1.963,1.931,1.972,1.927
2016-07-05,1.971,1.962,1.978,1.962
2016-07-06,1.97,1.963,1.972,1.954
2016-07-07,1.974,1.968,1.981,1.961
2016-07-08,1.963,1.97,1.973,1.963
2016-07-11,1.973,1.967,1.991,1.967
2016-07-12,2.014,1.973,2.016,1.973
2016-07-13,2.017,2.018,2.044,2.014
2016-07-14,2.014,2.018,2.019,2.002
2016-07-15,2.017,2.016,2.022,2.009
2016-07-18,2.009,2.016,2.027,2.009
2016-07-19,1.999,2.008,2.016,1.989
2016-07-20,1.992,1.999,2.004,1.991
2016-07-21,2.002,1.994,2.009,1.994
2016-07-22,1.984,2.0,2.004,1.983
2016-07-25,1.985,1.983,1.993,1.982
2016-07-26,2.009,1.985,2.01,1.982
2016-07-27,1.998,2.009,2.013,1.959
2016-07-28,1.994,1.987,2.0,1.978
2016-07-29,1.985,1.992,1.995,1.98
2016-08-01,1.975,1.983,1.984,1.968
2016-08-02,1.975,1.976,1.982,1.968
2016-08-03,1.973,1.973,1.978,1.967
2016-08-04,1.972,1.973,1.974,1.959
2016-08-05,1.98,1.972,1.989,1.967
2016-08-08,1.988,1.981,1.99,1.971
2016-08-09,2.003,1.985,2.005,1.985
2016-08-10,1.999,2.004,2.005,1.996
2016-08-11,2.005,1.999,2.035,1.995
2016-08-12,2.049,2.005,2.05,2.004
2016-08-15,2.107,2.053,2.136,2.05
2016-08-16,2.08,2.11,2.121,2.078
2016-08-17,2.074,2.082,2.093,2.066
2016-08-18,2.065,2.075,2.094,2.059
2016-08-19,2.075,2.065,2.079,2.057
2016-08-22,2.063,2.074,2.078,2.059
2016-08-23,2.065,2.064,2.081,2.058
2016-08-24,2.056,2.067,2.075,2.051
2016-08-25,2.046,2.052,2.052,2.033
2016-08-26,2.045,2.049,2.058,2.043
2016-08-29,2.043,2.045,2.046,2.033
2016-08-30,2.053,2.044,2.058,2.044
2016-08-31,2.06,2.052,2.065,2.047
2016-09-01,2.046,2.06,2.062,2.045
2016-09-02,2.055,2.046,2.056,2.043
2016-09-05,2.056,2.057,2.071,2.055
2016-09-06,2.062,2.056,2.07,2.045
2016-09-07,2.065,2.062,2.074,2.061
2016-09-08,2.065,2.063,2.067,2.06
2016-09-09,2.056,2.064,2.068,2.052
2016-09-12,2.029,2.027,2.034,2.011
2016-09-13,2.022,2.028,2.029,2.019
2016-09-14,2.01,2.015,2.019,2.007
2016-09-19,2.022,2.01,2.025,2.009
2016-09-20,2.019,2.021,2.023,2.015
2016-09-21,2.023,2.018,2.025,2.017
2016-09-22,2.034,2.028,2.044,2.028
2016-09-23,2.028,2.034,2.037,2.028
2016-09-26,2.004,2.025,2.026,2.002
2016-09-27,2.01,2.002,2.015,2.001
2016-09-28,2.001,2.012,2.013,2.0
2016-09-29,2.011,2.006,2.019,2.006
2016-09-30,2.016,2.007,2.019,2.007
2016-10-10,2.04,2.026,2.045,2.023
2016-10-11,2.043,2.04,2.046,2.037
2016-10-12,2.036,2.038,2.039,2.033
2016-10-13,2.036,2.033,2.041,2.033
2016-10-14,2.044,2.036,2.048,2.03
2016-10-17,2.029,2.046,2.046,2.026
2016-10-18,2.058,2.027,2.06,2.026
2016-10-19,2.055,2.058,2.064,2.053
2016-10-20,2.056,2.055,2.061,2.053
2016-10-21,2.07,2.056,2.076,2.052
2016-10-24,2.096,2.069,2.113,2.069
2016-10-25,2.092,2.097,2.1,2.088
2016-10-26,2.084,2.092,2.094,2.083
2016-10-27,2.079,2.083,2.084,2.074
2016-10-28,2.081,2.079,2.101,2.079
2016-10-31,2.079,2.08,2.081,2.065
2016-11-01,2.089,2.078,2.089,2.075
2016-11-02,2.074,2.084,2.085,2.073
2016-11-03,2.099,2.072,2.11,2.069
2016-11-04,2.096,2.097,2.11,2.093
2016-11-07,2.101,2.096,2.105,2.093
2016-11-08,2.109,2.107,2.12,2.101
2016-11-09,2.092,2.108,2.108,2.074
2016-11-10,2.114,2.103,2.12,2.103
2016-11-11,2.131,2.11,2.138,2.108
2016-11-14,2.141,2.127,2.16,2.125
2016-11-15,2.134,2.138,2.141,2.129
2016-11-16,2.129,2.135,2.138,2.127
2016-11-17,2.137,2.129,2.138,2.12
2016-11-18,2.131,2.138,2.145,2.127
2016-11-21,2.156,2.128,2.17,2.128
2016-11-22,2.172,2.154,2.175,2.153
2016-11-23,2.178,2.173,2.193,2.168
2016-11-24,2.187,2.175,2.197,2.173
2016-11-25,2.211,2.187,2.212,2.174
2016-11-28,2.219,2.219,2.241,2.214
2016-11-29,2.255,2.215,2.267,2.209
2016-11-30,2.23,2.248,2.257,2.222
2016-12-01,2.243,2.234,2.258,2.229
2016-12-02,2.227,2.242,2.243,2.215
2016-12-05,2.187,2.205,2.206,2.179
2016-12-06,2.183,2.186,2.197,2.182
2016-12-07,2.189,2.183,2.19,2.176
2016-12-08,2.194,2.193,2.201,2.189
2016-12-09,2.224,2.192,2.232,2.186
2016-12-12,2.199,2.223,2.236,2.181
2016-12-13,2.185,2.191,2.196,2.175
2016-12-14,2.175,2.186,2.198,2.174
2016-12-15,2.127,2.169,2.171,2.095
2016-12-16,2.121,2.127,2.136,2.12
2016-12-19,2.114,2.119,2.125,2.109
2016-12-20,2.103,2.114,2.116,2.086
2016-12-21,2.118,2.105,2.127,2.105
2016-12-22,2.113,2.117,2.119,2.103
2016-12-23,2.101,2.111,2.114,2.095
2016-12-26,2.118,2.089,2.121,2.079
2016-12-27,2.11,2.117,2.124,2.108
2016-12-28,2.1,2.108,2.114,2.094
2016-12-29,2.1,2.097,2.108,2.091
2016-12-30,2.108,2.099,2.111,2.098
2017-01-03,2.127,2.106,2.133,2.106
2017-01-04,2.143,2.124,2.143,2.124
2017-01-05,2.14,2.141,2.146,2.136
2017-01-06,2.133,2.14,2.144,2.131
2017-01-09,2.138,2.131,2.142,2.127
2017-01-10,2.132,2.134,2.14,2.129
2017-01-11,2.123,2.133,2.138,2.121
2017-01-12,2.116,2.121,2.129,2.115
2017-01-13,2.129,2.115,2.136,2.114
2017-01-16,2.156,2.127,2.161,2.107
2017-01-17,2.147,2.147,2.152,2.14
2017-01-18,2.161,2.146,2.168,2.146
2017-01-19,2.151,2.158,2.168,2.15
2017-01-20,2.165,2.152,2.169,2.151
2017-01-23,2.164,2.166,2.176,2.16
2017-01-24,2.17,2.165,2.172,2.162
2017-01-25,2.173,2.167,2.175,2.162
2017-01-26,2.181,2.176,2.186,2.174
2017-02-03,2.159,2.182,2.185,2.156
2017-02-06,2.16,2.162,2.167,2.153
2017-02-07,2.152,2.16,2.163,2.149
2017-02-08,2.164,2.152,2.165,2.142
2017-02-09,2.17,2.164,2.18,2.159
2017-02-10,2.181,2.172,2.186,2.171
2017-02-13,2.192,2.182,2.195,2.182
2017-02-14,2.185,2.191,2.193,2.182
2017-02-15,2.184,2.185,2.196,2.183
2017-02-16,2.186,2.184,2.19,2.181
2017-02-17,2.176,2.189,2.199,2.175
2017-02-20,2.208,2.177,2.209,2.177
2017-02-21,2.206,2.208,2.219,2.203
2017-02-22,2.209,2.206,2.21,2.201
2017-02-23,2.2,2.208,2.212,2.194
2017-02-24,2.198,2.199,2.199,2.188
2017-02-27,2.182,2.197,2.197,2.178
2017-02-28,2.183,2.181,2.191,2.177
2017-03-01,2.183,2.185,2.195,2.181
2017-03-02,2.169,2.187,2.193,2.167
2017-03-03,2.16,2.166,2.166,2.156
2017-03-06,2.165,2.161,2.17,2.158
2017-03-07,2.17,2.162,2.17,2.162
2017-03-08,2.171,2.169,2.175,2.165
2017-03-09,2.16,2.167,2.168,2.15
2017-03-10,2.152,2.158,2.161,2.152
2017-03-13,2.171,2.151,2.172,2.145
2017-03-14,2.167,2.171,2.173,2.163
2017-03-15,2.17,2.164,2.171,2.161
2017-03-16,2.184,2.176,2.19,2.175
2017-03-17,2.16,2.185,2.186,2.155
2017-03-20,2.163,2.164,2.169,2.155
2017-03-21,2.169,2.163,2.171,2.162
2017-03-22,2.153,2.162,2.165,2.147
2017-03-23,2.161,2.152,2.169,2.151
2017-03-24,2.179,2.162,2.185,2.158
2017-03-27,2.175,2.179,2.191,2.174
2017-03-28,2.17,2.178,2.181,2.168
2017-03-29,2.168,2.172,2.176,2.163
2017-03-30,2.16,2.167,2.172,2.152
2017-03-31,2.172,2.158,2.174,2.158
2017-04-05,2.196,2.181,2.197,2.178
2017-04-06,2.197,2.197,2.203,2.186
2017-04-07,2.197,2.198,2.203,2.189
2017-04-10,2.191,2.197,2.201,2.191
2017-04-11,2.192,2.188,2.197,2.17
2017-04-12,2.188,2.189,2.196,2.176
2017-04-13,2.182,2.185,2.189,2.18
2017-04-14,2.166,2.181,2.182,2.162
2017-04-17,2.169,2.164,2.172,2.154
2017-04-18,2.155,2.166,2.167,2.153
2017-04-19,2.14,2.15,2.152,2.132
2017-04-20,2.149,2.138,2.15,2.138
2017-04-21,2.158,2.15,2.162,2.148
2017-04-24,2.153,2.159,2.16,2.141
2017-04-25,2.159,2.151,2.161,2.151
2017-04-26,2.156,2.159,2.172,2.156
2017-04-27,2.161,2.153,2.163,2.144
2017-04-28,2.157,2.16,2.161,2.148
2017-05-02,2.15,2.155,2.162,2.15
2017-05-03,2.143,2.15,2.155,2.142
2017-05-04,2.138,2.142,2.148,2.133
2017-05-05,2.132,2.136,2.137,2.116
2017-05-08,2.137,2.127,2.138,2.118
2017-05-09,2.134,2.131,2.138,2.129
2017-05-10,2.139,2.135,2.15,2.135
2017-05-11,2.151,2.135,2.154,2.134
2017-05-12,2.185,2.149,2.185,2.149
2017-05-15,2.188,2.188,2.202,2.186
2017-05-16,2.193,2.183,2.193,2.175
2017-05-17,2.174,2.189,2.192,2.173
2017-05-18,2.166,2.163,2.173,2.161
2017-05-19,2.171,2.165,2.173,2.163
2017-05-22,2.187,2.172,2.191,2.17
2017-05-23,2.215,2.185,2.216,2.185
2017-05-24,2.211,2.213,2.218,2.193
2017-05-25,2.277,2.207,2.283,2.206
2017-05-26,2.273,2.271,2.287,2.262
2017-05-31,2.281,2.278,2.304,2.263
2017-06-01,2.295,2.279,2.298,2.266
2017-06-02,2.277,2.295,2.299,2.273
2017-06-05,2.251,2.268,2.276,2.248
2017-06-06,2.265,2.248,2.269,2.248
2017-06-07,2.286,2.268,2.295,2.265
2017-06-08,2.305,2.284,2.31,2.278
2017-06-09,2.32,2.304,2.335,2.304
2017-06-12,2.317,2.315,2.342,2.311
2017-06-13,2.315,2.314,2.317,2.298
2017-06-14,2.288,2.314,2.314,2.285
2017-06-15,2.272,2.285,2.294,2.267
2017-06-16,2.268,2.272,2.283,2.263
2017-06-19,2.302,2.268,2.303,2.268
2017-06-20,2.289,2.304,2.31,2.284
2017-06-21,2.313,2.303,2.314,2.282
2017-06-22,2.327,2.308,2.355,2.298
2017-06-23,2.344,2.322,2.345,2.312
2017-06-26,2.354,2.345,2.369,2.343
2017-06-27,2.363,2.35,2.367,2.342
2017-06-28,2.349,2.358,2.369,2.348
2017-06-29,2.364,2.351,2.365,2.345
2017-06-30,2.358,2.352,2.363,2.348
2017-07-03,2.344,2.362,2.362,2.335
2017-07-04,2.323,2.342,2.347,2.321
2017-07-05,2.362,2.322,2.365,2.321
2017-07-06,2.366,2.357,2.376,2.35
2017-07-07,2.361,2.362,2.368,2.351
2017-07-10,2.374,2.359,2.38,2.354
2017-07-11,2.4,2.372,2.42,2.371
2017-07-12,2.394,2.397,2.43,2.386
2017-07-13,2.432,2.397,2.433,2.394
2017-07-14,2.456,2.433,2.457,2.425
2017-07-17,2.46,2.459,2.493,2.431
2017-07-18,2.451,2.453,2.47,2.429
2017-07-19,2.491,2.452,2.492,2.451
2017-07-20,2.498,2.487,2.499,2.477
2017-07-21,2.47,2.489,2.492,2.467
2017-07-24,2.489,2.465,2.498,2.465
2017-07-25,2.473,2.489,2.498,2.471
2017-07-26,2.468,2.472,2.493,2.452
2017-07-27,2.468,2.464,2.475,2.448
2017-07-28,2.47,2.464,2.476,2.456
2017-07-31,2.472,2.468,2.481,2.462
2017-08-01,2.511,2.474,2.512,2.471
2017-08-02,2.515,2.512,2.527,2.507
2017-08-03,2.479,2.511,2.523,2.479
2017-08-04,2.462,2.477,2.488,2.461
2017-08-07,2.469,2.458,2.479,2.451
2017-08-08,2.472,2.469,2.476,2.457
2017-08-09,2.456,2.468,2.47,2.454
2017-08-10,2.447,2.455,2.472,2.43
2017-08-11,2.409,2.433,2.44,2.406
2017-08-14,2.429,2.413,2.437,2.409
2017-08-15,2.444,2.432,2.459,2.429
2017-08-16,2.433,2.439,2.442,2.425
2017-08-17,2.445,2.436,2.447,2.431
2017-08-18,2.456,2.437,2.461,2.434
2017-08-21,2.455,2.457,2.469,2.448
2017-08-22,2.479,2.459,2.48,2.455
2017-08-23,2.496,2.479,2.508,2.476
2017-08-24,2.487,2.497,2.511,2.48
2017-08-25,2.541,2.486,2.543,2.484
2017-08-28,2.57,2.549,2.598,2.549
2017-08-29,2.571,2.568,2.578,2.56
2017-08-30,2.557,2.57,2.593,2.554
2017-08-31,2.55,2.561,2.569,2.538
2017-09-01,2.544,2.549,2.567,2.537
2017-09-04,2.548,2.542,2.55,2.53
2017-09-05,2.564,2.547,2.574,2.547
2017-09-06,2.548,2.558,2.561,2.541
2017-09-07,2.528,2.551,2.555,2.526
2017-09-08,2.524,2.529,2.538,2.516
2017-09-11,2.516,2.529,2.546,2.513
2017-09-12,2.531,2.521,2.534,2.513
2017-09-13,2.525,2.529,2.531,2.516
2017-09-14,2.509,2.526,2.531,2.503
2017-09-15,2.509,2.508,2.515,2.499
2017-09-18,2.515,2.511,2.532,2.511
2017-09-19,2.507,2.517,2.524,2.498
2017-09-20,2.504,2.505,2.514,2.5
2017-09-21,2.515,2.504,2.528,2.5
2017-09-22,2.515,2.51,2.523,2.502
2017-09-25,2.515,2.509,2.519,2.504
2017-09-26,2.517,2.514,2.521,2.511
2017-09-27,2.499,2.516,2.516,2.498
2017-09-28,2.503,2.499,2.504,2.492
2017-09-29,2.513,2.504,2.521,2.504
2017-10-09,2.535,2.57,2.58,2.528
2017-10-10,2.531,2.534,2.548,2.515
2017-10-11,2.546,2.532,2.551,2.531
2017-10-12,2.556,2.544,2.56,2.539
2017-10-13,2.554,2.555,2.558,2.55
2017-10-16,2.563,2.553,2.574,2.553
2017-10-17,2.562,2.562,2.568,2.555
2017-10-18,2.583,2.562,2.586,2.56
2017-10-19,2.586,2.582,2.587,2.578
2017-10-20,2.572,2.581,2.581,2.57
2017-10-23,2.573,2.576,2.579,2.565
2017-10-24,2.586,2.567,2.593,2.567
2017-10-25,2.583,2.586,2.589,2.579
2017-10-26,2.606,2.588,2.621,2.585
2017-10-27,2.648,2.606,2.649,2.602
2017-10-30,2.637,2.646,2.651,2.613
2017-10-31,2.628,2.629,2.629,2.618
2017-11-01,2.62,2.628,2.645,2.614
2017-11-02,2.624,2.616,2.625,2.606
2017-11-03,2.628,2.621,2.632,2.605
2017-11-06,2.621,2.623,2.625,2.609
2017-11-07,2.65,2.621,2.657,2.621
2017-11-08,2.649,2.649,2.672,2.643
2017-11-09,2.659,2.646,2.66,2.641
2017-11-10,2.69,2.657,2.693,2.655
2017-11-13,2.699,2.692,2.709,2.69
2017-11-14,2.685,2.7,2.705,2.682
2017-11-15,2.674,2.679,2.689,2.669
2017-11-16,2.703,2.668,2.705,2.667
2017-11-17,2.756,2.696,2.759,2.694
2017-11-20,2.762,2.744,2.762,2.722
2017-11-21,2.808,2.751,2.831,2.748
2017-11-22,2.827,2.816,2.852,2.808
2017-11-23,2.757,2.822,2.835,2.736
2017-11-24,2.756,2.753,2.769,2.731
2017-11-27,2.734,2.75,2.755,2.709
2017-11-28,2.719,2.731,2.732,2.7
2017-11-29,2.713,2.726,2.737,2.683
2017-11-30,2.683,2.704,2.721,2.676
2017-12-01,2.665,2.685,2.692,2.659
2017-12-04,2.683,2.655,2.693,2.648
2017-12-05,2.73,2.676,2.742,2.673
2017-12-06,2.696,2.722,2.722,2.669
2017-12-07,2.67,2.695,2.701,2.653
2017-12-08,2.69,2.666,2.698,2.659
2017-12-11,2.721,2.69,2.722,2.682
2017-12-12,2.672,2.719,2.725,2.671
2017-12-13,2.695,2.676,2.702,2.663
2017-12-14,2.676,2.695,2.702,2.668
2017-12-15,2.644,2.669,2.674,2.642
2017-12-18,2.655,2.643,2.669,2.643
2017-12-19,2.695,2.656,2.696,2.655
2017-12-20,2.7,2.695,2.709,2.686
2017-12-21,2.716,2.695,2.73,2.685
2017-12-22,2.702,2.711,2.721,2.698
2017-12-25,2.7,2.701,2.736,2.691
2017-12-26,2.716,2.701,2.72,2.691
2017-12-27,2.661,2.712,2.716,2.654
2017-12-28,2.681,2.665,2.695,2.656
2017-12-29,2.683,2.683,2.698,2.674
2018-01-02,2.729,2.689,2.731,2.687
2018-01-03,2.734,2.731,2.765,2.728
2018-01-04,2.741,2.735,2.753,2.731
2018-01-05,2.754,2.743,2.759,2.738
2018-01-08,2.764,2.748,2.771,2.746
2018-01-09,2.789,2.762,2.789,2.761
2018-01-10,2.811,2.786,2.813,2.779
2018-01-11,2.808,2.805,2.821,2.797
2018-01-12,2.834,2.808,2.836,2.808
2018-01-15,2.857,2.836,2.878,2.834
2018-01-16,2.877,2.851,2.878,2.849
2018-01-17,2.883,2.877,2.936,2.868
2018-01-18,2.916,2.901,2.931,2.894
2018-01-19,2.923,2.926,2.948,2.907
2018-01-22,2.938,2.913,2.947,2.903
2018-01-23,2.979,2.945,2.981,2.945
2018-01-24,2.978,2.989,3.0,2.954
2018-01-25,2.958,2.972,2.977,2.93
2018-01-26,2.977,2.953,3.0,2.949
2018-01-29,2.924,2.987,2.998,2.913
2018-01-30,2.887,2.916,2.933,2.884
2018-01-31,2.923,2.877,2.927,2.875
2018-02-01,2.943,2.925,2.944,2.907
2018-02-02,2.953,2.92,2.956,2.888
2018-02-05,2.986,2.916,2.987,2.91
2018-02-06,2.92,2.94,2.954,2.9
2018-02-07,2.838,2.95,2.969,2.829
2018-02-08,2.759,2.817,2.832,2.729
2018-02-09,2.632,2.677,2.702,2.547
2018-02-12,2.629,2.63,2.65,2.601
2018-02-13,2.674,2.656,2.708,2.655
2018-02-14,2.691,2.682,2.697,2.664
2018-02-22,2.746,2.729,2.759,2.717
2018-02-23,2.774,2.755,2.781,2.745
2018-02-26,2.784,2.789,2.806,2.748
2018-02-27,2.742,2.791,2.794,2.734
2018-02-28,2.696,2.721,2.725,2.683
2018-03-01,2.708,2.678,2.727,2.675
2018-03-02,2.682,2.687,2.708,2.672
2018-03-05,2.681,2.683,2.713,2.664
2018-03-06,2.712,2.699,2.713,2.657
2018-03-07,2.696,2.712,2.739,2.684
2018-03-08,2.716,2.697,2.721,2.685
2018-03-09,2.726,2.723,2.735,2.709
2018-03-12,2.728,2.738,2.744,2.717
2018-03-13,2.697,2.728,2.738,2.694
2018-03-14,2.688,2.689,2.698,2.679
2018-03-15,2.713,2.682,2.714,2.678
2018-03-16,2.687,2.714,2.728,2.686
2018-03-19,2.715,2.688,2.716,2.676
2018-03-20,2.718,2.7,2.724,2.696
2018-03-21,2.708,2.742,2.745,2.696
2018-03-22,2.682,2.709,2.721,2.668
2018-03-23,2.611,2.61,2.623,2.575
2018-03-26,2.567,2.595,2.599,2.537
2018-03-27,2.572,2.596,2.605,2.551
2018-03-28,2.524,2.544,2.573,2.514
2018-03-29,2.567,2.528,2.585,2.489
2018-03-30,2.547,2.566,2.568,2.543
2018-04-02,2.537,2.544,2.583,2.53
2018-04-03,2.528,2.518,2.543,2.513
2018-04-04,2.529,2.537,2.559,2.524
2018-04-09,2.545,2.533,2.55,2.519
2018-04-10,2.605,2.547,2.606,2.54
2018-04-11,2.605,2.605,2.624,2.592
2018-04-12,2.574,2.605,2.608,2.573
2018-04-13,2.551,2.587,2.595,2.548
2018-04-16,2.493,2.543,2.552,2.488
2018-04-17,2.466,2.498,2.514,2.462
2018-04-18,2.482,2.496,2.499,2.458
2018-04-19,2.513,2.49,2.524,2.484
2018-04-20,2.476,2.502,2.51,2.464
2018-04-23,2.496,2.465,2.502,2.465
2018-04-24,2.552,2.5,2.565,2.5
2018-04-25,2.528,2.538,2.546,2.526
2018-04-26,2.493,2.539,2.545,2.482
2018-04-27,2.481,2.502,2.505,2.444
2018-05-02,2.484,2.49,2.499,2.468
2018-05-03,2.492,2.478,2.503,2.457
2018-05-04,2.473,2.486,2.498,2.471
2018-05-07,2.511,2.481,2.515,2.467
2018-05-08,2.548,2.512,2.56,2.51
2018-05-09,2.545,2.546,2.551,2.532
2018-05-10,2.557,2.55,2.567,2.537
2018-05-11,2.55,2.562,2.566,2.547
2018-05-14,2.577,2.559,2.586,2.559
2018-05-15,2.573,2.584,2.586,2.556
2018-05-16,2.54,2.565,2.568,2.537
2018-05-17,2.525,2.545,2.549,2.524
2018-05-18,2.566,2.526,2.567,2.518
2018-05-21,2.569,2.583,2.59,2.561
2018-05-22,2.551,2.569,2.57,2.535
2018-05-23,2.509,2.545,2.545,2.507
2018-05-24,2.493,2.51,2.519,2.492
2018-05-25,2.492,2.496,2.512,2.482
2018-05-28,2.505,2.496,2.516,2.486
2018-05-29,2.493,2.503,2.508,2.474
2018-05-30,2.442,2.47,2.471,2.441
2018-05-31,2.489,2.46,2.495,2.457
2018-06-01,2.482,2.482,2.496,2.471
2018-06-04,2.522,2.495,2.525,2.486
2018-06-05,2.531,2.521,2.538,2.51
2018-06-06,2.522,2.528,2.53,2.518
2018-06-07,2.529,2.531,2.551,2.527
2018-06-08,2.49,2.528,2.528,2.48
2018-06-11,2.5,2.484,2.506,2.477
2018-06-12,2.524,2.5,2.531,2.491
2018-06-13,2.509,2.519,2.523,2.504
2018-06-14,2.512,2.498,2.532,2.498
2018-06-15,2.514,2.513,2.526,2.505
2018-06-19,2.452,2.493,2.499,2.425
2018-06-20,2.451,2.443,2.461,2.426
2018-06-21,2.434,2.452,2.48,2.433
2018-06-22,2.439,2.427,2.446,2.414
2018-06-25,2.392,2.448,2.454,2.39
2018-06-26,2.366,2.381,2.381,2.331
2018-06-27,2.314,2.361,2.375,2.301
2018-06-28,2.292,2.301,2.329,2.284
2018-06-29,2.343,2.301,2.347,2.298
2018-07-02,2.255,2.338,2.338,2.241
2018-07-03,2.263,2.265,2.269,2.207
2018-07-04,2.244,2.257,2.275,2.238
2018-07-05,2.245,2.244,2.271,2.226
2018-07-06,2.277,2.252,2.296,2.225
2018-07-09,2.344,2.287,2.344,2.286
2018-07-10,2.341,2.343,2.348,2.321
2018-07-11,2.304,2.296,2.314,2.281
2018-07-12,2.352,2.302,2.369,2.302
2018-07-13,2.356,2.359,2.363,2.345
2018-07-16,2.338,2.355,2.37,2.327
2018-07-17,2.324,2.337,2.34,2.309
2018-07-18,2.313,2.329,2.352,2.311
2018-07-19,2.323,2.323,2.347,2.313
2018-07-20,2.385,2.323,2.397,2.302
2018-07-23,2.412,2.373,2.421,2.371
2018-07-24,2.451,2.419,2.466,2.419
2018-07-25,2.45,2.459,2.461,2.439
2018-07-26,2.418,2.454,2.465,2.416
2018-07-27,2.418,2.418,2.433,2.406
2018-07-30,2.429,2.411,2.451,2.408
2018-07-31,2.436,2.426,2.447,2.416
2018-08-01,2.382,2.448,2.461,2.378
2018-08-02,2.332,2.374,2.38,2.31
2018-08-03,2.307,2.332,2.346,2.306
2018-08-06,2.305,2.308,2.342,2.289
2018-08-07,2.375,2.312,2.376,2.305
2018-08-08,2.342,2.371,2.375,2.336
2018-08-09,2.395,2.334,2.403,2.331
2018-08-10,2.395,2.395,2.41,2.378
2018-08-13,2.372,2.375,2.383,2.338
2018-08-14,2.364,2.369,2.377,2.349
2018-08-15,2.304,2.362,2.362,2.299
2018-08-16,2.303,2.282,2.329,2.262
2018-08-17,2.272,2.324,2.327,2.267
2018-08-20,2.308,2.279,2.31,2.27
2018-08-21,2.344,2.31,2.357,2.306
2018-08-22,2.346,2.356,2.356,2.331
2018-08-23,2.356,2.347,2.369,2.33
2018-08-24,2.369,2.347,2.39,2.333
2018-08-27,2.414,2.379,2.415,2.375
2018-08-28,2.404,2.418,2.425,2.397
2018-08-29,2.397,2.401,2.407,2.393
2018-08-30,2.378,2.4,2.413,2.374
2018-08-31,2.367,2.357,2.385,2.35
2018-09-03,2.359,2.355,2.366,2.34
2018-09-04,2.394,2.36,2.402,2.346
2018-09-05,2.335,2.382,2.388,2.333
2018-09-06,2.315,2.332,2.349,2.308
2018-09-07,2.339,2.323,2.357,2.315
2018-09-10,2.315,2.333,2.343,2.313
2018-09-11,2.299,2.313,2.325,2.291
2018-09-12,2.283,2.295,2.301,2.278
2018-09-13,2.315,2.312,2.32,2.285
2018-09-14,2.324,2.318,2.334,2.31
2018-09-17,2.302,2.31,2.318,2.299
2018-09-18,2.359,2.295,2.361,2.292
2018-09-19,2.383,2.354,2.401,2.349
2018-09-20,2.386,2.386,2.399,2.38
2018-09-21,2.471,2.39,2.476,2.385
2018-09-25,2.441,2.442,2.452,2.432
2018-09-26,2.477,2.449,2.502,2.448
2018-09-27,2.467,2.469,2.478,2.456
2018-09-28,2.497,2.473,2.511,2.473
2018-10-08,2.378,2.441,2.451,2.375
2018-10-09,2.39,2.381,2.403,2.373
2018-10-10,2.39,2.392,2.412,2.368
2018-10-11,2.29,2.314,2.344,2.267
2018-10-12,2.342,2.297,2.352,2.293
2018-10-15,2.313,2.345,2.346,2.309
2018-10-16,2.316,2.315,2.357,2.303
2018-10-17,2.326,2.346,2.353,2.282
2018-10-18,2.271,2.31,2.313,2.269
2018-10-19,2.339,2.252,2.347,2.248
2018-10-22,2.44,2.375,2.461,2.358
2018-10-23,2.358,2.434,2.44,2.345
2018-10-24,2.371,2.353,2.421,2.353
2018-10-25,2.376,2.319,2.382,2.311
2018-10-26,2.362,2.382,2.394,2.34
2018-10-29,2.282,2.357,2.371,2.273
2018-10-30,2.313,2.276,2.344,2.274
2018-10-31,2.344,2.321,2.355,2.308
2018-11-01,2.354,2.366,2.392,2.349
2018-11-02,2.436,2.413,2.437,2.381
2018-11-05,2.402,2.416,2.416,2.384
2018-11-06,2.39,2.397,2.402,2.373
2018-11-07,2.374,2.394,2.414,2.37
2018-11-08,2.382,2.395,2.405,2.375
2018-11-09,2.329,2.366,2.366,2.329
2018-11-12,2.338,2.326,2.343,2.316
2018-11-13,2.356,2.311,2.37,2.308
2018-11-14,2.324,2.354,2.355,2.32
2018-11-15,2.352,2.324,2.353,2.323
2018-11-16,2.354,2.353,2.375,2.337
2018-11-19,2.385,2.358,2.385,2.358
2018-11-20,2.345,2.369,2.377,2.339
2018-11-21,2.344,2.329,2.35,2.325
2018-11-22,2.331,2.348,2.351,2.319
2018-11-23,2.293,2.33,2.337,2.289
2018-11-26,2.3,2.303,2.319,2.288
2018-11-27,2.29,2.303,2.312,2.283
2018-11-28,2.315,2.291,2.321,2.29
2018-11-29,2.303,2.328,2.334,2.301
2018-11-30,2.323,2.3,2.328,2.298
2018-12-03,2.377,2.384,2.388,2.358
2018-12-04,2.384,2.377,2.39,2.37
2018-12-05,2.374,2.361,2.383,2.359
2018-12-06,2.33,2.351,2.356,2.328
2018-12-07,2.322,2.336,2.339,2.322
2018-12-10,2.306,2.31,2.321,2.296
2018-12-11,2.311,2.306,2.314,2.302
2018-12-12,2.316,2.325,2.328,2.31
2018-12-13,2.349,2.318,2.359,2.318
2018-12-14,2.32,2.341,2.341,2.319
2018-12-17,2.317,2.315,2.325,2.305
2018-12-18,2.29,2.306,2.32,2.285
2018-12-19,2.265,2.292,2.296,2.259
2018-12-20,2.232,2.26,2.268,2.214
2018-12-21,2.204,2.223,2.226,2.186
2018-12-24,2.206,2.192,2.212,2.184
2018-12-25,2.195,2.186,2.208,2.155
2018-12-26,2.178,2.192,2.2,2.175
2018-12-27,2.178,2.206,2.211,2.172
2018-12-28,2.189,2.18,2.205,2.177
2019-01-02,2.159,2.194,2.197,2.151
2019-01-03,2.165,2.159,2.187,2.155
2019-01-04,2.212,2.153,2.214,2.151
2019-01-07,2.209,2.222,2.226,2.201
2019-01-08,2.202,2.209,2.209,2.197
2019-01-09,2.226,2.215,2.253,2.213
2019-01-10,2.229,2.226,2.241,2.216
2019-01-11,2.247,2.232,2.255,2.229
2019-01-14,2.226,2.243,2.246,2.225
2019-01-15,2.269,2.231,2.271,2.229
2019-01-16,2.273,2.267,2.276,2.257
2019-01-17,2.265,2.277,2.29,2.262
2019-01-18,2.307,2.274,2.312,2.272
2019-01-21,2.321,2.305,2.334,2.304
2019-01-22,2.294,2.32,2.32,2.289
2019-01-23,2.29,2.288,2.306,2.283
2019-01-24,2.301,2.293,2.305,2.276
2019-01-25,2.33,2.31,2.341,2.305
2019-01-28,2.327,2.343,2.36,2.318
2019-01-29,2.344,2.323,2.35,2.314
2019-01-30,2.334,2.332,2.351,2.328
2019-01-31,2.369,2.343,2.373,2.339
2019-02-01,2.386,2.384,2.388,2.364
2019-02-11,2.409,2.377,2.411,2.37
2019-02-12,2.417,2.41,2.422,2.4
2019-02-13,2.462,2.418,2.471,2.412
2019-02-14,2.458,2.456,2.469,2.448
2019-02-15,2.404,2.451,2.453,2.399
2019-02-18,2.462,2.422,2.464,2.422
2019-02-19,2.458,2.466,2.493,2.448
2019-02-20,2.468,2.471,2.478,2.451
2019-02-21,2.457,2.466,2.493,2.449
2019-02-22,2.507,2.453,2.509,2.438
2019-02-25,2.696,2.533,2.709,2.528
2019-02-26,2.612,2.681,2.681,2.602
2019-02-27,2.62,2.613,2.664,2.592
2019-02-28,2.62,2.62,2.641,2.608
2019-03-01,2.683,2.633,2.687,2.617
2019-03-04,2.696,2.701,2.774,2.679
2019-03-05,2.694,2.693,2.702,2.673
2019-03-06,2.7,2.693,2.712,2.659
2019-03-07,2.655,2.692,2.694,2.639
2019-03-08,2.561,2.61,2.624,2.558
2019-03-11,2.576,2.56,2.586,2.542
2019-03-12,2.586,2.6,2.628,2.573
2019-03-13,2.591,2.598,2.617,2.568
2019-03-14,2.595,2.586,2.62,2.584
2019-03-15,2.624,2.602,2.65,2.602
2019-03-18,2.693,2.627,2.695,2.618
2019-03-19,2.672,2.696,2.708,2.665
2019-03-20,2.675,2.666,2.697,2.652
2019-03-21,2.666,2.68,2.688,2.663
2019-03-22,2.659,2.666,2.679,2.636
2019-03-25,2.587,2.622,2.633,2.583
2019-03-26,2.578,2.605,2.608,2.566
2019-03-27,2.607,2.587,2.617,2.585
2019-03-28,2.603,2.598,2.61,2.577
2019-03-29,2.699,2.611,2.711,2.611
2019-04-01,2.752,2.719,2.772,2.719
2019-04-02,2.75,2.758,2.766,2.74
2019-04-03,2.778,2.736,2.787,2.729
2019-04-04,2.814,2.788,2.82,2.777
2019-04-08,2.818,2.834,2.867,2.795
2019-04-09,2.824,2.822,2.84,2.805
2019-04-10,2.838,2.815,2.855,2.797
2019-04-11,2.788,2.836,2.859,2.778
2019-04-12,2.783,2.779,2.795,2.767
2019-04-15,2.783,2.83,2.855,2.781
2019-04-16,2.88,2.775,2.881,2.769
2019-04-17,2.87,2.878,2.894,2.851
2019-04-18,2.86,2.868,2.875,2.851
2019-04-19,2.896,2.87,2.902,2.844
2019-04-22,2.832,2.899,2.905,2.817
2019-04-23,2.837,2.825,2.864,2.825
2019-04-24,2.832,2.845,2.855,2.79
2019-04-25,2.789,2.82,2.832,2.787
2019-04-26,2.758,2.777,2.794,2.754
2019-04-29,2.797,2.765,2.827,2.764
2019-04-30,2.804,2.796,2.813,2.78
2019-05-06,2.669,2.719,2.736,2.635
2019-05-07,2.672,2.681,2.697,2.645
2019-05-08,2.628,2.628,2.664,2.62
2019-05-09,2.572,2.617,2.621,2.556
2019-05-10,2.659,2.603,2.665,2.565
2019-05-13,2.609,2.628,2.633,2.604
2019-05-14,2.593,2.589,2.629,2.585
2019-05-15,2.648,2.612,2.662,2.61
2019-05-16,2.656,2.642,2.659,2.634
2019-05-17,2.607,2.655,2.66,2.6
2019-05-20,2.584,2.6,2.619,2.568
2019-05-21,2.606,2.586,2.632,2.584
2019-05-22,2.594,2.607,2.612,2.583
2019-05-23,2.563,2.584,2.591,2.555
2019-05-24,2.577,2.572,2.6,2.567
2019-05-27,2.599,2.573,2.609,2.546
2019-05-28,2.617,2.597,2.634,2.593
2019-05-29,2.631,2.606,2.657,2.601
2019-05-30,2.621,2.626,2.629,2.602
2019-05-31,2.612,2.616,2.643,2.608
2019-06-03,2.624,2.621,2.645,2.606
2019-06-04,2.606,2.623,2.63,2.598
2019-06-05,2.603,2.624,2.63,2.599
2019-06-06,2.589,2.605,2.612,2.587
2019-06-10,2.623,2.603,2.631,2.595
2019-06-11,2.695,2.633,2.697,2.631
2019-06-12,2.683,2.688,2.69,2.676
2019-06-13,2.677,2.68,2.691,2.659
2019-06-14,2.672,2.681,2.699,2.667
2019-06-17,2.68,2.67,2.696,2.67
2019-06-18,2.691,2.682,2.693,2.671
2019-06-19,2.735,2.757,2.77,2.732
2019-06-20,2.829,2.733,2.846,2.733
2019-06-21,2.828,2.829,2.844,2.818
2019-06-24,2.833,2.828,2.844,2.819
2019-06-25,2.795,2.832,2.833,2.765
2019-06-26,2.792,2.785,2.803,2.778
2019-06-27,2.83,2.801,2.839,2.801
2019-06-28,2.827,2.827,2.828,2.807
2019-07-01,2.892,2.873,2.901,2.868
2019-07-02,2.888,2.887,2.893,2.877
2019-07-03,2.86,2.879,2.882,2.851
2019-07-04,2.85,2.858,2.871,2.835
2019-07-05,2.86,2.847,2.866,2.839
2019-07-08,2.8,2.848,2.848,2.78
2019-07-09,2.79,2.797,2.809,2.781
2019-07-10,2.788,2.802,2.806,2.778
2019-07-11,2.798,2.802,2.828,2.787
2019-07-12,2.818,2.795,2.829,2.793
2019-07-15,2.817,2.806,2.839,2.765
2019-07-16,2.801,2.814,2.824,2.799
2019-07-17,2.792,2.79,2.809,2.782
2019-07-18,2.782,2.785,2.791,2.775
2019-07-19,2.815,2.792,2.823,2.792
2019-07-22,2.798,2.811,2.824,2.787
2019-07-23,2.799,2.8,2.808,2.791
2019-07-24,2.827,2.812,2.842,2.812
2019-07-25,2.851,2.827,2.852,2.823
2019-07-26,2.855,2.838,2.862,2.836
2019-07-29,2.852,2.853,2.856,2.841
2019-07-30,2.861,2.854,2.875,2.854
2019-07-31,2.834,2.852,2.853,2.829
2019-08-01,2.81,2.82,2.831,2.8
2019-08-02,2.767,2.755,2.774,2.752
2019-08-05,2.715,2.751,2.754,2.711
2019-08-06,2.686,2.669,2.695,2.649
2019-08-07,2.673,2.693,2.696,2.672
2019-08-08,2.711,2.694,2.715,2.692
2019-08-09,2.7,2.724,2.727,2.695
2019-08-12,2.747,2.709,2.749,2.708
2019-08-13,2.719,2.729,2.737,2.714
2019-08-14,2.728,2.753,2.757,2.727
2019-08-15,2.737,2.686,2.742,2.682
2019-08-16,2.748,2.742,2.769,2.73
2019-08-19,2.803,2.766,2.804,2.751
2019-08-20,2.797,2.796,2.806,2.79
2019-08-21,2.795,2.795,2.8,2.789
2019-08-22,2.799,2.799,2.804,2.784
2019-08-23,2.837,2.799,2.844,2.796
2019-08-26,2.79,2.804,2.809,2.782
2019-08-27,2.809,2.805,2.836,2.802
2019-08-28,2.788,2.8,2.811,2.785
2019-08-29,2.778,2.788,2.792,2.764
2019-08-30,2.792,2.799,2.809,2.777
2019-09-02,2.815,2.79,2.824,2.786
2019-09-03,2.814,2.815,2.82,2.802
2019-09-04,2.847,2.813,2.85,2.812
2019-09-05,2.876,2.86,2.915,2.86
2019-09-06,2.908,2.895,2.91,2.881
2019-09-09,2.903,2.93,2.935,2.899
2019-09-10,2.893,2.903,2.913,2.883
2019-09-11,2.879,2.902,2.904,2.871
2019-09-12,2.918,2.886,2.923,2.886
2019-09-16,2.905,2.921,2.924,2.891
2019-09-17,2.86,2.898,2.899,2.85
2019-09-18,2.876,2.867,2.888,2.866
2019-09-19,2.879,2.883,2.887,2.862
2019-09-20,2.885,2.888,2.892,2.879
2019-09-23,2.854,2.874,2.876,2.843
2019-09-24,2.86,2.856,2.876,2.853
2019-09-25,2.851,2.853,2.864,2.844
2019-09-26,2.852,2.86,2.873,2.848
2019-09-27,2.852,2.851,2.856,2.84
2019-09-30,2.82,2.849,2.855,2.819
2019-10-08,2.842,2.82,2.859,2.819
2019-10-09,2.845,2.832,2.853,2.818
2019-10-10,2.86,2.845,2.865,2.833
2019-10-11,2.903,2.872,2.911,2.866
2019-10-14,2.931,2.922,2.958,2.916
2019-10-15,2.932,2.928,2.938,2.925
2019-10-16,2.922,2.934,2.963,2.916
2019-10-17,2.929,2.924,2.939,2.919
2019-10-18,2.886,2.935,2.945,2.881
2019-10-21,2.888,2.881,2.894,2.873
2019-10-22,2.891,2.896,2.9,2.878
2019-10-23,2.873,2.889,2.898,2.864
2019-10-24,2.88,2.876,2.895,2.866
2019-10-25,2.886,2.876,2.892,2.855
2019-10-28,2.899,2.89,2.907,2.882
2019-10-29,2.888,2.901,2.901,2.887
2019-10-30,2.872,2.884,2.894,2.867
2019-10-31,2.876,2.879,2.884,2.869
2019-11-01,2.922,2.873,2.923,2.867
2019-11-04,2.939,2.927,2.942,2.926
2019-11-05,2.955,2.939,2.985,2.931
2019-11-06,2.948,2.949,2.961,2.941
2019-11-07,2.948,2.944,2.965,2.939
2019-11-08,2.93,2.967,2.969,2.929
2019-11-11,2.885,2.917,2.917,2.881
2019-11-12,2.889,2.892,2.897,2.874
2019-11-13,2.887,2.882,2.893,2.874
2019-11-14,2.885,2.89,2.898,2.883
2019-11-15,2.876,2.892,2.897,2.874
2019-11-18,2.899,2.876,2.906,2.871
2019-11-19,2.917,2.896,2.918,2.891
2019-11-20,2.885,2.915,2.915,2.878
2019-11-21,2.868,2.876,2.878,2.861
2019-11-22,2.841,2.872,2.887,2.831
2019-11-25,2.867,2.844,2.87,2.844
2019-11-26,2.866,2.875,2.882,2.861
2019-11-27,2.861,2.864,2.871,2.851
2019-11-28,2.852,2.862,2.87,2.845
2019-11-29,2.813,2.844,2.849,2.803
2019-12-02,2.819,2.817,2.831,2.815
2019-12-03,2.829,2.813,2.83,2.798
2019-12-04,2.823,2.819,2.825,2.807
2019-12-05,2.841,2.83,2.847,2.83
2019-12-06,2.857,2.847,2.858,2.842
2019-12-09,2.852,2.861,2.863,2.844
2019-12-10,2.854,2.845,2.856,2.842
2019-12-11,2.868,2.864,2.871,2.85
2019-12-12,2.858,2.868,2.873,2.855
2019-12-13,2.919,2.883,2.924,2.883
2019-12-16,2.913,2.918,2.919,2.9
2019-12-17,2.944,2.914,2.968,2.908
2019-12-18,2.936,2.94,2.956,2.935
2019-12-19,2.929,2.94,2.942,2.925
2019-12-20,2.924,2.931,2.945,2.921
2019-12-23,2.899,2.922,2.938,2.895
2019-12-24,2.908,2.9,2.912,2.895
2019-12-25,2.9,2.904,2.905,2.887
2019-12-26,2.921,2.9,2.924,2.899
2019-12-27,2.928,2.924,2.958,2.921
2019-12-30,2.969,2.924,2.976,2.918
2019-12-31,2.976,2.964,2.978,2.956
2020-01-02,2.998,2.988,3.017,2.987
2020-01-03,2.986,3.005,3.007,2.982
2020-01-06,2.968,2.971,2.999,2.948
2020-01-07,2.98,2.974,2.991,2.969
2020-01-08,2.951,2.968,2.971,2.943
2020-01-09,2.975,2.969,2.981,2.964
2020-01-10,2.979,2.985,2.988,2.97
2020-01-13,2.997,2.981,2.998,2.963
2020-01-14,2.993,3.002,3.017,2.987
2020-01-15,2.964,2.99,2.996,2.963
2020-01-16,2.954,2.973,2.976,2.946
2020-01-17,2.96,2.959,2.981,2.951
2020-01-20,2.976,2.974,2.978,2.963
2020-01-21,2.926,2.958,2.961,2.923
2020-01-22,2.925,2.919,2.932,2.877
2020-01-23,2.846,2.902,2.908,2.826
2020-02-03,2.634,2.623,2.68,2.595
2020-02-04,2.71,2.642,2.712,2.637
2020-02-05,2.726,2.715,2.747,2.696
2020-02-06,2.766,2.737,2.783,2.725
2020-02-07,2.765,2.75,2.766,2.735
2020-02-10,2.763,2.741,2.768,2.734
2020-02-11,2.793,2.771,2.806,2.767
2020-02-12,2.806,2.79,2.809,2.775
2020-02-13,2.792,2.806,2.82,2.785
2020-02-14,2.807,2.784,2.812,2.784
2020-02-17,2.86,2.81,2.862,2.808
2020-02-18,2.835,2.852,2.854,2.825
2020-02-19,2.835,2.831,2.852,2.827
2020-02-20,2.887,2.84,2.89,2.828
2020-02-21,2.878,2.876,2.903,2.87
2020-02-24,2.845,2.862,2.867,2.831
2020-02-25,2.821,2.817,2.827,2.785
2020-02-26,2.816,2.791,2.841,2.784
2020-02-27,2.82,2.816,2.836,2.814
2020-02-28,2.738,2.773,2.799,2.731
2020-03-02,2.821,2.753,2.837,2.753
2020-03-03,2.829,2.851,2.862,2.822
2020-03-04,2.86,2.827,2.861,2.825
2020-03-05,2.923,2.876,2.933,2.867
2020-03-06,2.872,2.898,2.909,2.871
2020-03-09,2.784,2.826,2.829,2.779
2020-03-10,2.833,2.783,2.847,2.765
2020-03-11,2.797,2.833,2.838,2.796
2020-03-12,2.76,2.769,2.779,2.74
2020-03-13,2.721,2.651,2.742,2.628
2020-03-16,2.615,2.71,2.71,2.609
2020-03-17,2.603,2.627,2.656,2.553
2020-03-18,2.548,2.615,2.64,2.545
2020-03-19,2.495,2.539,2.567,2.438
2020-03-20,2.553,2.515,2.558,2.503
2020-03-23,2.484,2.473,2.511,2.468
2020-03-24,2.556,2.53,2.56,2.513
2020-03-25,2.615,2.615,2.625,2.596
2020-03-26,2.605,2.595,2.633,2.59
2020-03-27,2.62,2.636,2.652,2.618
2020-03-30,2.608,2.588,2.613,2.581
2020-03-31,2.603,2.627,2.634,2.598
2020-04-01,2.599,2.599,2.637,2.594
2020-04-02,2.633,2.585,2.635,2.581
2020-04-03,2.622,2.625,2.635,2.613
2020-04-07,2.669,2.666,2.676,2.658
2020-04-08,2.657,2.657,2.667,2.65
2020-04-09,2.665,2.666,2.672,2.661
2020-04-10,2.664,2.665,2.698,2.658
2020-04-13,2.653,2.658,2.661,2.646
2020-04-14,2.697,2.669,2.697,2.661
2020-04-15,2.677,2.692,2.7,2.676
2020-04-16,2.679,2.668,2.683,2.666
2020-04-17,2.718,2.7,2.735,2.693
2020-04-20,2.728,2.722,2.732,2.709
2020-04-21,2.697,2.722,2.723,2.682
2020-04-22,2.715,2.689,2.716,2.681
2020-04-23,2.712,2.72,2.732,2.707
2020-04-24,2.691,2.7,2.701,2.685
2020-04-27,2.715,2.694,2.729,2.694
2020-04-28,2.734,2.722,2.741,2.694
2020-04-29,2.753,2.729,2.761,2.726
2020-04-30,2.775,2.762,2.793,2.757
2020-05-06,2.771,2.744,2.776,2.735
2020-05-07,2.767,2.769,2.773,2.757
2020-05-08,2.786,2.781,2.799,2.774
2020-05-11,2.786,2.788,2.812,2.779
2020-05-12,2.783,2.783,2.795,2.773
2020-05-13,2.783,2.775,2.786,2.763
2020-05-14,2.755,2.773,2.773,2.752
2020-05-15,2.736,2.759,2.768,2.734
2020-05-18,2.757,2.734,2.766,2.734
2020-05-19,2.775,2.778,2.788,2.77
2020-05-20,2.772,2.775,2.782,2.767
2020-05-21,2.762,2.777,2.783,2.76
2020-05-22,2.694,2.754,2.756,2.692
2020-05-25,2.705,2.696,2.707,2.682
2020-05-26,2.727,2.718,2.728,2.712
2020-05-27,2.717,2.728,2.733,2.709
2020-05-28,2.726,2.715,2.75,2.702
2020-05-29,2.727,2.705,2.734,2.705
2020-06-01,2.787,2.754,2.792,2.752
2020-06-02,2.802,2.782,2.81,2.78
2020-06-03,2.806,2.817,2.841,2.806
2020-06-04,2.801,2.819,2.82,2.796
2020-06-05,2.814,2.803,2.817,2.79
2020-06-08,2.827,2.819,2.842,2.819
2020-06-09,2.844,2.83,2.847,2.824
2020-06-10,2.83,2.844,2.844,2.826
2020-06-11,2.801,2.822,2.832,2.793
2020-06-12,2.813,2.77,2.815,2.765
2020-06-15,2.77,2.791,2.799,2.765
2020-06-16,2.8,2.79,2.802,2.785
2020-06-17,2.804,2.799,2.805,2.786
2020-06-18,2.817,2.795,2.818,2.783
2020-06-19,2.848,2.814,2.859,2.812
2020-06-22,2.845,2.848,2.871,2.836
2020-06-23,2.851,2.838,2.853,2.825
2020-06-24,2.878,2.859,2.882,2.852
2020-06-29,2.858,2.87,2.877,2.842
2020-06-30,2.877,2.866,2.888,2.865
2020-07-01,2.946,2.883,2.947,2.877
2020-07-02,3.02,2.938,3.03,2.938
2020-07-03,3.101,3.032,3.104,3.032
2020-07-06,3.376,3.143,3.387,3.143
2020-07-07,3.311,3.431,3.444,3.309
2020-07-08,3.354,3.306,3.395,3.3
2020-07-09,3.366,3.353,3.379,3.328
2020-07-10,3.282,3.333,3.348,3.27
2020-07-13,3.324,3.275,3.365,3.264
2020-07-14,3.289,3.316,3.337,3.251
2020-07-15,3.26,3.312,3.325,3.252
2020-07-16,3.12,3.266,3.279,3.114
2020-07-17,3.142,3.133,3.178,3.109
2020-07-20,3.241,3.172,3.25,3.147
2020-07-21,3.24,3.251,3.256,3.223
2020-07-22,3.244,3.238,3.315,3.226
2020-07-23,3.241,3.218,3.263,3.18
2020-07-24,3.114,3.229,3.23,3.096
2020-07-27,3.125,3.132,3.158,3.1
2020-07-28,3.144,3.151,3.165,3.128
2020-07-29,3.203,3.141,3.209,3.13
2020-07-30,3.189,3.208,3.223,3.188
2020-07-31,3.206,3.19,3.247,3.157
2020-08-03,3.239,3.224,3.249,3.21
2020-08-04,3.269,3.247,3.289,3.239
2020-08-05,3.246,3.259,3.259,3.211
2020-08-06,3.248,3.255,3.273,3.199
2020-08-07,3.219,3.231,3.248,3.177
2020-08-10,3.243,3.207,3.268,3.187
2020-08-11,3.218,3.241,3.292,3.212
2020-08-12,3.208,3.214,3.228,3.158
2020-08-13,3.198,3.215,3.22,3.188
2020-08-14,3.253,3.197,3.256,3.189
2020-08-17,3.326,3.262,3.358,3.258
2020-08-18,3.321,3.329,3.335,3.303
2020-08-19,3.261,3.32,3.324,3.259
2020-08-20,3.223,3.241,3.244,3.206
2020-08-21,3.246,3.243,3.262,3.219
2020-08-24,3.256,3.259,3.282,3.248
2020-08-25,3.269,3.267,3.294,3.256
2020-08-26,3.234,3.265,3.284,3.224
2020-08-27,3.252,3.238,3.253,3.215
2020-08-28,3.332,3.247,3.336,3.241
2020-08-31,3.304,3.343,3.369,3.298
2020-09-01,3.313,3.294,3.313,3.288
2020-09-02,3.304,3.322,3.33,3.273
2020-09-03,3.296,3.303,3.334,3.28
2020-09-04,3.266,3.257,3.275,3.243
2020-09-07,3.212,3.259,3.284,3.204
2020-09-08,3.246,3.227,3.254,3.211
2020-09-09,3.197,3.214,3.228,3.17
2020-09-10,3.207,3.217,3.231,3.201
2020-09-11,3.224,3.196,3.231,3.192
2020-09-14,3.251,3.238,3.255,3.234
2020-09-15,3.277,3.252,3.28,3.237
2020-09-16,3.256,3.273,3.281,3.247
2020-09-17,3.225,3.251,3.251,3.218
2020-09-18,3.314,3.227,3.317,3.225
2020-09-21,3.272,3.319,3.327,3.27
2020-09-22,3.233,3.252,3.279,3.22
2020-09-23,3.236,3.233,3.244,3.216
2020-09-24,3.183,3.216,3.225,3.18
2020-09-25,3.194,3.193,3.207,3.179
2020-09-28,3.213,3.203,3.23,3.201
2020-09-29,3.206,3.231,3.234,3.205
2020-09-30,3.193,3.221,3.232,3.177
2020-10-09,3.247,3.238,3.26,3.236
2020-10-12,3.349,3.26,3.351,3.26
2020-10-13,3.345,3.336,3.352,3.324
2020-10-14,3.332,3.339,3.339,3.32
2020-10-15,3.333,3.327,3.356,3.322
2020-10-16,3.34,3.333,3.362,3.316
2020-10-19,3.317,3.36,3.392,3.306
2020-10-20,3.32,3.307,3.322,3.303
2020-10-21,3.341,3.327,3.342,3.312
2020-10-22,3.328,3.331,3.341,3.289
2020-10-23,3.316,3.328,3.356,3.311
2020-10-26,3.264,3.289,3.294,3.25
2020-10-27,3.256,3.259,3.264,3.241
2020-10-28,3.274,3.256,3.281,3.246
2020-10-29,3.292,3.245,3.312,3.24
2020-10-30,3.24,3.284,3.292,3.232
2020-11-02,3.228,3.243,3.261,3.213
2020-11-03,3.265,3.241,3.284,3.241
2020-11-04,3.289,3.27,3.304,3.259
2020-11-05,3.326,3.326,3.348,3.304
2020-11-06,3.316,3.336,3.337,3.296
2020-11-09,3.375,3.343,3.388,3.343
2020-11-10,3.373,3.397,3.398,3.358
2020-11-11,3.371,3.369,3.391,3.367
2020-11-12,3.354,3.372,3.38,3.344
2020-11-13,3.297,3.339,3.339,3.28
2020-11-16,3.337,3.318,3.339,3.304
2020-11-17,3.338,3.333,3.344,3.321
2020-11-18,3.343,3.338,3.365,3.328
2020-11-19,3.367,3.332,3.375,3.328
2020-11-20,3.372,3.369,3.375,3.352
2020-11-23,3.426,3.379,3.445,3.378
2020-11-24,3.399,3.426,3.434,3.397
2020-11-25,3.375,3.411,3.43,3.374
2020-11-26,3.403,3.375,3.405,3.372
2020-11-27,3.461,3.404,3.465,3.401
2020-11-30,3.429,3.471,3.53,3.428
2020-12-01,3.512,3.432,3.518,3.432
2020-12-02,3.5,3.513,3.528,3.48
2020-12-03,3.493,3.499,3.507,3.476
2020-12-04,3.498,3.49,3.504,3.456
2020-12-07,3.466,3.499,3.504,3.448
2020-12-08,3.454,3.534,3.534,3.444
2020-12-09,3.426,3.462,3.475,3.421
2020-12-10,3.412,3.417,3.433,3.395
2020-12-11,3.385,3.425,3.434,3.36
2020-12-14,3.417,3.391,3.422,3.386
2020-12-15,3.42,3.414,3.427,3.393
2020-12-16,3.438,3.425,3.443,3.419
2020-12-17,3.492,3.443,3.495,3.438
2020-12-18,3.46,3.482,3.491,3.443
2020-12-21,3.468,3.461,3.483,3.428
2020-12-22,3.42,3.463,3.472,3.414
2020-12-23,3.447,3.424,3.465,3.424
2020-12-24,3.441,3.451,3.467,3.426
2020-12-25,3.464,3.428,3.467,3.417
2020-12-28,3.474,3.462,3.494,3.451
2020-12-29,3.467,3.482,3.492,3.461
2020-12-30,3.518,3.464,3.521,3.459
2020-12-31,3.588,3.526,3.597,3.526
2021-01-04,3.586,3.59,3.609,3.552
2021-01-05,3.624,3.579,3.628,3.562
2021-01-06,3.679,3.626,3.681,3.614
2021-01-07,3.755,3.689,3.759,3.675
2021-01-08,3.734,3.762,3.78,3.697
2021-01-11,3.717,3.732,3.792,3.702
2021-01-12,3.849,3.711,3.854,3.707
2021-01-13,3.813,3.86,3.874,3.786
2021-01-14,3.754,3.807,3.808,3.743
2021-01-15,3.757,3.766,3.808,3.727
2021-01-18,3.788,3.745,3.817,3.74
2021-01-19,3.749,3.797,3.802,3.732
2021-01-20,3.752,3.749,3.778,3.726
2021-01-21,3.791,3.768,3.819,3.753
2021-01-22,3.784,3.787,3.802,3.762
2021-01-25,3.841,3.781,3.844,3.764
2021-01-26,3.752,3.823,3.825,3.749
2021-01-27,3.758,3.752,3.772,3.733
2021-01-28,3.684,3.714,3.72,3.665
2021-01-29,3.657,3.699,3.707,3.614
2021-02-01,3.684,3.66,3.686,3.645
2021-02-02,3.704,3.693,3.708,3.676
2021-02-03,3.716,3.704,3.734,3.684
2021-02-04,3.739,3.698,3.76,3.698
2021-02-05,3.785,3.756,3.815,3.751
2021-02-08,3.826,3.799,3.835,3.771
2021-02-09,3.889,3.838,3.89,3.808
2021-02-10,3.961,3.9,3.979,3.895
2021-02-18,3.956,4.038,4.047,3.93
2021-02-19,3.947,3.941,3.957,3.897
2021-02-22,3.824,3.951,3.954,3.817
2021-02-23,3.837,3.8,3.877,3.796
2021-02-24,3.74,3.838,3.846,3.704
2021-02-25,3.794,3.775,3.813,3.756
2021-02-26,3.695,3.729,3.76,3.693
2021-03-01,3.725,3.729,3.732,3.689
2021-03-02,3.66,3.747,3.748,3.625
2021-03-03,3.756,3.653,3.758,3.651
2021-03-04,3.651,3.717,3.724,3.63
2021-03-05,3.631,3.604,3.665,3.57
2021-03-08,3.516,3.651,3.67,3.511
2021-03-09,3.46,3.516,3.539,3.439
2021-03-10,3.478,3.502,3.517,3.469
2021-03-11,3.568,3.494,3.571,3.493
2021-03-12,3.571,3.585,3.586,3.537
2021-03-15,3.513,3.555,3.57,3.481
2021-03-16,3.536,3.521,3.55,3.498
2021-03-17,3.531,3.531,3.558,3.489
2021-03-18,3.545,3.534,3.557,3.53
2021-03-19,3.452,3.506,3.515,3.438
2021-03-22,3.478,3.447,3.505,3.447
2021-03-23,3.459,3.479,3.49,3.423
2021-03-24,3.41,3.444,3.473,3.397
2021-03-25,3.408,3.397,3.424,3.385
2021-03-26,3.469,3.421,3.48,3.421
2021-03-29,3.476,3.48,3.501,3.454
2021-03-30,3.516,3.477,3.521,3.475
2021-03-31,3.482,3.514,3.514,3.457
2021-04-01,3.522,3.493,3.53,3.487
2021-04-02,3.555,3.536,3.557,3.521
2021-04-06,3.532,3.558,3.561,3.521
2021-04-07,3.497,3.534,3.536,3.481
2021-04-08,3.513,3.489,3.525,3.47
2021-04-09,3.461,3.503,3.503,3.449
2021-04-12,3.424,3.451,3.464,3.41
2021-04-13,3.406,3.418,3.446,3.392
2021-04-14,3.412,3.408,3.429,3.385
2021-04-15,3.376,3.404,3.404,3.343
2021-04-16,3.39,3.379,3.401,3.353
2021-04-19,3.455,3.386,3.459,3.37
2021-04-20,3.448,3.438,3.471,3.429
2021-04-21,3.454,3.429,3.463,3.429
2021-04-22,3.437,3.463,3.475,3.424
2021-04-23,3.469,3.429,3.477,3.429
2021-04-26,3.414,3.479,3.498,3.407
2021-04-27,3.422,3.412,3.431,3.4
2021-04-28,3.423,3.406,3.426,3.389
2021-04-29,3.468,3.432,3.47,3.419
2021-04-30,3.438,3.465,3.472,3.416
2021-05-06,3.4,3.418,3.463,3.388
2021-05-07,3.356,3.411,3.416,3.347
2021-05-10,3.356,3.374,3.374,3.319
2021-05-11,3.385,3.328,3.394,3.324
2021-05-12,3.398,3.376,3.406,3.369
2021-05-13,3.364,3.373,3.386,3.343
2021-05-14,3.454,3.374,3.455,3.359
2021-05-17,3.485,3.455,3.507,3.451
2021-05-18,3.483,3.493,3.498,3.467
2021-05-19,3.459,3.473,3.475,3.45
2021-05-20,3.471,3.458,3.481,3.441
2021-05-21,3.431,3.478,3.495,3.42
2021-05-24,3.445,3.43,3.446,3.404
2021-05-25,3.589,3.449,3.594,3.449
2021-05-26,3.602,3.602,3.626,3.589
2021-05-27,3.611,3.598,3.66,3.573
2021-05-28,3.605,3.61,3.638,3.572
2021-05-31,3.593,3.6,3.6,3.558
2021-06-01,3.594,3.587,3.598,3.55
2021-06-02,3.567,3.601,3.609,3.548
2021-06-03,3.538,3.562,3.585,3.532
2021-06-04,3.555,3.526,3.604,3.52
2021-06-07,3.547,3.558,3.56,3.525
2021-06-08,3.527,3.545,3.584,3.505
2021-06-09,3.536,3.525,3.544,3.517
2021-06-10,3.555,3.536,3.584,3.531
2021-06-11,3.526,3.563,3.567,3.521
2021-06-15,3.477,3.529,3.531,3.461
2021-06-16,3.442,3.476,3.481,3.43
2021-06-17,3.435,3.439,3.456,3.422
2021-06-18,3.411,3.436,3.448,3.387
2021-06-21,3.391,3.4,3.415,3.369
2021-06-22,3.42,3.4,3.425,3.392
2021-06-23,3.425,3.426,3.452,3.414
2021-06-24,3.444,3.429,3.445,3.414
2021-06-25,3.496,3.445,3.511,3.445
2021-06-28,3.482,3.502,3.505,3.465
2021-06-29,3.453,3.481,3.481,3.441
2021-06-30,3.47,3.454,3.475,3.452
2021-07-01,3.503,3.481,3.504,3.447
2021-07-02,3.379,3.472,3.485,3.374
2021-07-05,3.376,3.376,3.391,3.35
2021-07-06,3.387,3.376,3.388,3.347
2021-07-07,3.398,3.372,3.412,3.364
2021-07-08,3.352,3.401,3.409,3.34
2021-07-09,3.339,3.341,3.354,3.306
2021-07-12,3.367,3.359,3.393,3.339
2021-07-13,3.377,3.371,3.4,3.364
2021-07-14,3.325,3.376,3.376,3.313
2021-07-15,3.396,3.325,3.4,3.321
2021-07-16,3.36,3.394,3.401,3.354
2021-07-19,3.373,3.347,3.38,3.309
2021-07-20,3.365,3.349,3.372,3.347
2021-07-21,3.377,3.372,3.404,3.363
2021-07-22,3.381,3.381,3.403,3.374
2021-07-23,3.345,3.381,3.383,3.342
2021-07-26,3.218,3.328,3.331,3.184
2021-07-27,3.116,3.218,3.231,3.105
2021-07-28,3.143,3.112,3.159,3.086
2021-07-29,3.171,3.188,3.191,3.148
2021-07-30,3.123,3.149,3.149,3.106
2021-08-02,3.201,3.11,3.209,3.08
2021-08-03,3.213,3.187,3.226,3.172
2021-08-04,3.222,3.206,3.232,3.2
2021-08-05,3.217,3.206,3.257,3.193
2021-08-06,3.191,3.209,3.21,3.177
2021-08-09,3.226,3.169,3.248,3.162
2021-08-10,3.28,3.22,3.285,3.188
2021-08-11,3.253,3.271,3.291,3.253
2021-08-12,3.22,3.247,3.255,3.217
2021-08-13,3.213,3.209,3.238,3.194
2021-08-16,3.221,3.214,3.243,3.199
2021-08-17,3.142,3.219,3.238,3.137
2021-08-18,3.183,3.142,3.203,3.134
2021-08-19,3.138,3.179,3.179,3.124
2021-08-20,3.068,3.119,3.124,3.042
2021-08-23,3.096,3.082,3.109,3.069
2021-08-24,3.144,3.106,3.16,3.104
2021-08-25,3.156,3.15,3.17,3.134
2021-08-26,3.088,3.156,3.158,3.086
2021-08-27,3.119,3.085,3.146,3.085
2021-08-30,3.109,3.135,3.14,3.086
2021-08-31,3.098,3.096,3.124,3.053
2021-09-01,3.166,3.089,3.185,3.065
2021-09-02,3.163,3.17,3.19,3.146
2021-09-03,3.171,3.168,3.204,3.137
2021-09-06,3.206,3.172,3.228,3.165
2021-09-07,3.242,3.208,3.258,3.186
2021-09-08,3.208,3.241,3.253,3.2
2021-09-09,3.199,3.194,3.207,3.181
2021-09-10,3.25,3.195,3.264,3.193
2021-09-13,3.239,3.239,3.269,3.218
2021-09-14,3.187,3.236,3.256,3.176
2021-09-15,3.145,3.184,3.185,3.126
2021-09-16,3.127,3.143,3.156,3.108
2021-09-17,3.158,3.127,3.159,3.104
2021-09-22,3.118,3.108,3.128,3.096
2021-09-23,3.124,3.138,3.159,3.112
2021-09-24,3.145,3.12,3.167,3.119
2021-09-27,3.206,3.159,3.212,3.157
2021-09-28,3.206,3.202,3.223,3.174
2021-09-29,3.207,3.184,3.219,3.154
2021-09-30,3.19,3.207,3.209,3.181
2021-10-08,3.253,3.221,3.258,3.217
2021-10-11,3.27,3.267,3.31,3.264
2021-10-12,3.253,3.258,3.28,3.229
2021-10-13,3.285,3.25,3.3,3.238
2021-10-14,3.264,3.28,3.299,3.257
2021-10-15,3.29,3.26,3.298,3.248
2021-10-18,3.226,3.292,3.292,3.209
2021-10-19,3.249,3.221,3.258,3.221
2021-10-20,3.251,3.258,3.278,3.236
2021-10-21,3.272,3.258,3.291,3.248
2021-10-22,3.309,3.281,3.331,3.28
2021-10-25,3.307,3.295,3.314,3.287
2021-10-26,3.287,3.313,3.328,3.278
2021-10-27,3.245,3.275,3.275,3.235
2021-10-28,3.244,3.238,3.252,3.223
2021-10-29,3.262,3.247,3.263,3.239
2021-11-01,3.247,3.242,3.262,3.226
2021-11-02,3.209,3.247,3.266,3.187
2021-11-03,3.178,3.209,3.218,3.171
2021-11-04,3.204,3.191,3.211,3.186
2021-11-05,3.202,3.197,3.225,3.187
2021-11-08,3.19,3.199,3.216,3.181
2021-11-09,3.183,3.205,3.214,3.17
2021-11-10,3.165,3.182,3.182,3.121
2021-11-11,3.233,3.159,3.235,3.159
2021-11-12,3.221,3.238,3.242,3.215
2021-11-15,3.222,3.226,3.243,3.209
2021-11-16,3.222,3.224,3.241,3.206
2021-11-17,3.203,3.215,3.225,3.197
2021-11-18,3.17,3.196,3.197,3.162
2021-11-19,3.209,3.166,3.219,3.164
2021-11-22,3.207,3.215,3.223,3.204
2021-11-23,3.22,3.202,3.231,3.199
2021-11-24,3.231,3.22,3.247,3.21
2021-11-25,3.213,3.235,3.237,3.209
2021-11-26,3.182,3.206,3.208,3.177
2021-11-29,3.182,3.175,3.187,3.16
2021-11-30,3.164,3.185,3.195,3.149
2021-12-01,3.176,3.164,3.182,3.163
2021-12-02,3.188,3.172,3.198,3.161
2021-12-03,3.215,3.192,3.216,3.186
2021-12-06,3.225,3.22,3.251,3.22
2021-12-07,3.251,3.244,3.261,3.234
2021-12-08,3.301,3.259,3.306,3.242
2021-12-09,3.352,3.308,3.393,3.305
2021-12-10,3.349,3.34,3.353,3.333
2021-12-13,3.354,3.375,3.419,3.352
2021-12-14,3.337,3.341,3.36,3.328
2021-12-15,3.304,3.332,3.346,3.303
2021-12-16,3.315,3.304,3.317,3.292
2021-12-17,3.265,3.312,3.317,3.263
2021-12-20,3.243,3.254,3.28,3.233
2021-12-21,3.258,3.239,3.263,3.239
2021-12-22,3.244,3.262,3.272,3.241
2021-12-23,3.275,3.251,3.277,3.234
2021-12-24,3.273,3.275,3.289,3.261
2021-12-27,3.268,3.272,3.282,3.251
2021-12-28,3.286,3.271,3.294,3.266
2021-12-29,3.225,3.287,3.292,3.223
2021-12-30,3.247,3.225,3.262,3.221
2021-12-31,3.256,3.255,3.269,3.248
2022-01-04,3.247,3.27,3.27,3.205
2022-01-05,3.241,3.242,3.277,3.226
2022-01-06,3.193,3.229,3.238,3.18
2022-01-07,3.207,3.199,3.223,3.199
2022-01-10,3.216,3.208,3.223,3.185
2022-01-11,3.196,3.216,3.233,3.192
2022-01-12,3.22,3.206,3.23,3.198
2022-01-13,3.166,3.226,3.234,3.164
2022-01-14,3.12,3.16,3.162,3.119
2022-01-17,3.131,3.118,3.143,3.117
2022-01-18,3.169,3.131,3.182,3.12
2022-01-19,3.169,3.176,3.186,3.156
2022-01-20,3.214,3.168,3.237,3.168
2022-01-21,3.206,3.211,3.22,3.189
2022-01-24,3.195,3.192,3.203,3.165
2022-01-25,3.129,3.179,3.181,3.125
2022-01-26,3.144,3.136,3.152,3.113
2022-01-27,3.107,3.145,3.145,3.098
2022-01-28,3.036,3.117,3.125,3.029
2022-02-07,3.095,3.082,3.111,3.074
2022-02-08,3.098,3.097,3.103,3.04
2022-02-09,3.12,3.1,3.129,3.09
2022-02-10,3.128,3.122,3.129,3.106
2022-02-11,3.123,3.119,3.155,3.112
2022-02-14,3.088,3.115,3.118,3.077
2022-02-15,3.1,3.085,3.11,3.08
2022-02-16,3.116,3.114,3.13,3.109
2022-02-17,3.119,3.112,3.14,3.112
2022-02-18,3.144,3.11,3.147,3.102
2022-02-21,3.13,3.139,3.14,3.109
2022-02-22,3.081,3.1,3.102,3.063
2022-02-23,3.1,3.089,3.101,3.072
2022-02-24,3.043,3.084,3.084,3.022
2022-02-25,3.056,3.055,3.088,3.047
2022-02-28,3.061,3.053,3.064,3.031
2022-03-01,3.105,3.073,3.112,3.073
2022-03-02,3.088,3.092,3.095,3.08
2022-03-03,3.078,3.101,3.109,3.069
2022-03-04,3.046,3.05,3.06,3.031
2022-03-07,2.955,3.026,3.028,2.946
2022-03-08,2.915,2.965,2.985,2.899
2022-03-09,2.887,2.929,2.945,2.79
2022-03-10,2.913,2.942,2.948,2.909
2022-03-11,2.922,2.881,2.929,2.832
2022-03-14,2.832,2.88,2.901,2.83
2022-03-15,2.687,2.8,2.813,2.683
2022-03-16,2.81,2.72,2.822,2.673
2022-03-17,2.857,2.866,2.899,2.841
2022-03-18,2.891,2.846,2.91,2.836
2022-03-21,2.874,2.898,2.899,2.849
2022-03-22,2.882,2.865,2.906,2.863
2022-03-23,2.899,2.892,2.909,2.873
2022-03-24,2.884,2.88,2.902,2.869
2022-03-25,2.838,2.88,2.896,2.836
2022-03-28,2.836,2.814,2.851,2.781
2022-03-29,2.823,2.842,2.856,2.82
2022-03-30,2.898,2.842,2.899,2.842
2022-03-31,2.881,2.89,2.896,2.877
2022-04-01,2.923,2.863,2.939,2.858
2022-04-06,2.911,2.904,2.921,2.889
2022-04-07,2.884,2.899,2.93,2.879
2022-04-08,2.909,2.885,2.915,2.873
2022-04-11,2.832,2.897,2.897,2.823
2022-04-12,2.876,2.832,2.878,2.812
2022-04-13,2.866,2.861,2.895,2.856
2022-04-14,2.911,2.89,2.928,2.881
2022-04-15,2.914,2.895,2.928,2.89
2022-04-18,2.871,2.889,2.89,2.856
2022-04-19,2.844,2.868,2.882,2.823
2022-04-20,2.816,2.846,2.849,2.81
2022-04-21,2.78,2.804,2.829,2.763
2022-04-22,2.795,2.758,2.808,2.751
2022-04-25,2.662,2.74,2.758,2.66
2022-04-26,2.664,2.66,2.713,2.65
2022-04-27,2.714,2.662,2.718,2.658
2022-04-28,2.749,2.706,2.754,2.703
2022-04-29,2.793,2.761,2.807,2.725
2022-05-05,2.781,2.793,2.812,2.781
2022-05-06,2.703,2.743,2.748,2.697
2022-05-09,2.677,2.687,2.699,2.661
2022-05-10,2.701,2.649,2.72,2.628
2022-05-11,2.722,2.695,2.751,2.695
2022-05-12,2.702,2.71,2.722,2.696
2022-05-13,2.729,2.72,2.743,2.711
2022-05-16,2.702,2.745,2.747,2.691
2022-05-17,2.737,2.711,2.738,2.708
2022-05-18,2.728,2.747,2.747,2.702
2022-05-19,2.726,2.699,2.734,2.696
2022-05-20,2.793,2.742,2.795,2.74
2022-05-23,2.763,2.798,2.798,2.751
2022-05-24,2.72,2.764,2.769,2.716
2022-05-25,2.725,2.721,2.734,2.711
2022-05-26,2.725,2.73,2.753,2.698
2022-05-27,2.744,2.747,2.773,2.735
2022-05-30,2.758,2.765,2.773,2.75
2022-05-31,2.792,2.758,2.801,2.752
2022-06-01,2.782,2.795,2.795,2.766
2022-06-02,2.777,2.767,2.779,2.759
2022-06-06,2.81,2.778,2.81,2.746
2022-06-07,2.829,2.808,2.851,2.8
2022-06-08,2.863,2.837,2.875,2.834
2022-06-09,2.853,2.86,2.88,2.845
2022-06-10,2.886,2.835,2.895,2.829
2022-06-13,2.835,2.854,2.86,2.816
2022-06-14,2.874,2.809,2.876,2.799
2022-06-15,2.913,2.872,2.963,2.871
2022-06-16,2.886,2.922,2.929,2.88
2022-06-17,2.929,2.873,2.936,2.871
2022-06-20,2.923,2.933,2.954,2.902
2022-06-21,2.929,2.924,2.951,2.906
2022-06-22,2.898,2.932,2.935,2.896
2022-06-23,2.939,2.901,2.945,2.9
2022-06-24,2.978,2.952,2.99,2.946
2022-06-27,3.016,2.991,3.04,2.991
2022-06-28,3.043,3.017,3.101,2.998
2022-06-29,3.018,3.029,3.055,3.008
2022-06-30,3.069,3.017,3.1,3.017
2022-07-01,3.058,3.078,3.084,3.045
2022-07-04,3.063,3.045,3.065,3.021
2022-07-05,3.063,3.076,3.096,3.027
2022-07-06,3.011,3.055,3.057,2.994
2022-07-07,3.002,3.002,3.02,2.983
2022-07-08,3.006,3.022,3.039,3.004
2022-07-11,2.961,2.99,2.991,2.95
2022-07-12,2.944,2.956,2.975,2.934
2022-07-13,2.935,2.944,2.953,2.924
2022-07-14,2.915,2.931,2.938,2.902
2022-07-15,2.872,2.911,2.949,2.871
2022-07-18,2.911,2.878,2.919,2.864
2022-07-19,2.899,2.906,2.91,2.871
2022-07-20,2.908,2.915,2.922,2.9
2022-07-21,2.874,2.899,2.906,2.872
2022-07-22,2.887,2.881,2.912,2.865
2022-07-25,2.878,2.883,2.887,2.868
2022-07-26,2.891,2.882,2.904,2.882
2022-07-27,2.867,2.884,2.887,2.862
2022-07-28,2.866,2.879,2.905,2.864
2022-07-29,2.828,2.871,2.893,2.822
2022-08-01,2.818,2.821,2.832,2.802
2022-08-02,2.77,2.796,2.796,2.745
2022-08-03,2.75,2.776,2.793,2.744
2022-08-04,2.777,2.764,2.785,2.756
2022-08-05,2.815,2.788,2.82,2.775
2022-08-08,2.8,2.805,2.814,2.789
2022-08-09,2.801,2.799,2.807,2.791
2022-08-10,2.768,2.797,2.807,2.758
2022-08-11,2.826,2.781,2.829,2.774
2022-08-12,2.836,2.822,2.843,2.816
2022-08-15,2.82,2.824,2.853,2.818
2022-08-16,2.807,2.824,2.835,2.802
2022-08-17,2.823,2.807,2.832,2.788
2022-08-18,2.797,2.82,2.823,2.789
2022-08-19,2.792,2.792,2.812,2.788
2022-08-22,2.793,2.784,2.808,2.778
2022-08-23,2.774,2.794,2.8,2.766
2022-08-24,2.746,2.779,2.792,2.743
2022-08-25,2.793,2.753,2.799,2.747
2022-08-26,2.794,2.795,2.806,2.788
2022-08-29,2.772,2.769,2.781,2.76
2022-08-30,2.768,2.775,2.781,2.745
2022-08-31,2.801,2.756,2.823,2.754
2022-09-01,2.775,2.794,2.802,2.77
2022-09-02,2.752,2.779,2.783,2.737
2022-09-05,2.741,2.743,2.747,2.716
2022-09-06,2.764,2.745,2.767,2.743
2022-09-07,2.754,2.752,2.761,2.745
2022-09-08,2.748,2.757,2.767,2.747
2022-09-09,2.8,2.755,2.806,2.754
2022-09-13,2.808,2.809,2.824,2.793
2022-09-14,2.788,2.783,2.804,2.78
2022-09-15,2.784,2.794,2.81,2.771
2022-09-16,2.724,2.774,2.781,2.722
2022-09-19,2.719,2.717,2.735,2.71
2022-09-20,2.714,2.73,2.733,2.706
2022-09-21,2.691,2.705,2.713,2.681
2022-09-22,2.67,2.679,2.689,2.664
2022-09-23,2.672,2.666,2.691,2.659
2022-09-26,2.654,2.659,2.69,2.651
2022-09-27,2.681,2.657,2.685,2.648
2022-09-28,2.651,2.669,2.676,2.648
2022-09-29,2.651,2.668,2.683,2.636
2022-09-30,2.65,2.654,2.674,2.647
2022-10-10,2.586,2.65,2.653,2.58
2022-10-11,2.578,2.588,2.593,2.572
2022-10-12,2.594,2.58,2.598,2.518
2022-10-13,2.564,2.576,2.582,2.555
2022-10-14,2.625,2.586,2.637,2.582
2022-10-17,2.623,2.615,2.626,2.602
2022-10-18,2.608,2.636,2.641,2.604
2022-10-19,2.557,2.606,2.614,2.556
2022-10-20,2.544,2.542,2.578,2.534
2022-10-21,2.527,2.55,2.556,2.513
2022-10-24,2.439,2.52,2.537,2.424
2022-10-25,2.431,2.427,2.471,2.417
2022-10-26,2.439,2.431,2.479,2.43
2022-10-27,2.419,2.451,2.474,2.418
2022-10-28,2.365,2.403,2.419,2.36
2022-10-31,2.333,2.344,2.365,2.321
2022-11-01,2.436,2.342,2.438,2.342
2022-11-02,2.456,2.422,2.476,2.415
2022-11-03,2.425,2.438,2.447,2.412
